time,azimuth,altitude
0:00,343.50214239655764,-42.50718923539838
0:01,343.8349220138831,-42.55143465954084
0:02,344.16814826528537,-42.59480173203893
0:03,344.5018134741751,-42.63728781711158
0:04,344.8359098628513,-42.67889032348958
0:05,345.1704295537559,-42.719606705091486
0:06,345.50536457077806,-42.75943446169152
0:07,345.8407068406094,-42.798371139579906
0:08,346.17644819415057,-42.83641433221489
0:09,346.5125803679673,-42.87356168086592
0:10,346.8490950057966,-42.90981087524795
0:11,347.1859836601018,-42.945159654146046
0:12,347.5232377936777,-42.979605806030506
0:13,347.86084878130333,-43.01314716966138
0:14,348.1988079114425,-43.04578163468257
0:15,348.53710638799254,-43.07750714220495
0:16,348.8757353320789,-43.10832168537803
0:17,349.2146857838959,-43.13822330995
0:18,349.5539487045937,-43.16721011481564
0:19,349.8935149782077,-43.19528025255169
0:20,350.2333754136342,-43.22243192993961
0:21,350.5735207466463,-43.24866340847507
0:22,350.91394164195356,-43.27397300486389
0:23,351.2546286953017,-43.29835909150439
0:24,351.5955724356124,-43.32182009695535
0:25,351.936763327162,-43.34435450638972
0:26,352.2781917717974,-43.36596086203337
0:27,352.61984811119027,-43.38663776358898
0:28,352.96172262912404,-43.40638386864442
0:29,353.30380555381817,-43.42519789306552
0:30,353.64608706028326,-43.44307861137303
0:31,353.9885572727086,-43.46002485710326
0:32,354.3312062668807,-43.47603552315241
0:33,354.6740240726301,-43.49110956210417
0:34,355.0170006763061,-43.505245986540466
0:35,355.36012602327884,-43.51844386933507
0:36,355.703390020464,-43.530702343929875
0:37,356.04678253887306,-43.54202060459367
0:38,356.39029341618476,-43.55239790666317
0:39,356.73391245933635,-43.561833566766275
0:40,357.07762944713465,-43.57032696302715
0:41,357.42143413288306,-43.577877535253215
0:42,357.765316247026,-43.584484785103776
0:43,358.10926549980593,-43.5901482762403
0:44,358.4532715839337,-43.594867634457934
0:45,358.7973241772692,-43.59864254779864
0:46,359.14141294551166,-43.60147276664544
0:47,359.4855275448969,-43.603358103797895
0:48,359.8296576249013,-43.60429843452876
0:49,0.17379283094891207,-43.60429369662175
0:50,0.517922807122261,-43.60334389039035
0:51,0.8620371988725708,-43.60144907867775
0:52,1.2061256557303466,-43.5986093868378
0:53,1.5501778340129988,-43.59482500269705
0:54,1.8941833995284014,-43.590096176497966
0:55,2.2381320302720837,-43.584423220823204
0:56,2.5820134191170325,-43.57780651050115
0:57,2.9258172764953656,-43.57024648249273
0:58,3.2695333330671588,-43.561743635759555
0:59,3.613151342378984,-43.55229853111354
1:00,3.956661083506276,-43.54191179104808
1:01,4.300052363681743,-43.53058409955085
1:02,4.643315020905362,-43.518316201898564
1:03,4.98643892653601,-43.50510890443353
1:04,5.329413987862637,-43.49096307432245
1:05,5.672230150653121,-43.4758796392975
1:06,6.014877401680678,-43.4598595873798
1:07,6.357345771224459,-43.44290396658568
1:08,6.699625335543942,-43.42501388461575
1:09,7.041706219326301,-43.40619050852718
1:10,7.383578598103696,-43.386435064389126
1:11,7.725232700640902,-43.36574883692198
1:12,8.066658811290836,-43.34413316912021
1:13,8.407847272316474,-43.321589461859546
1:14,8.748788486180075,-43.29811917348822
1:15,9.08947291779495,-43.273723819403145
1:16,9.429891096742125,-43.24840497161092
1:17,9.770033619448242,-43.22216425827396
1:18,10.109891151324973,-43.19500336324243
1:19,10.449454428868819,-43.16692402557171
1:20,10.788714261718866,-43.13792803902643
1:21,11.127661534674502,-43.108017251570644
1:22,11.466287209668536,-43.07719356484517
1:23,11.80458232769763,-43.04545893363193
1:24,12.142538010708165,-43.012815365305954
1:25,12.480145463436315,-42.97926491927528
1:26,12.817395975203027,-42.94480970640908
1:27,13.15428092166141,-42.909451888454505
1:28,13.490791766496784,-42.87319367744251
1:29,13.826920063080252,-42.836037335083006
1:30,14.162657456071656,-42.797985172149936
1:31,14.497995682975272,-42.75903954785637
1:32,14.83292657564499,-42.71920286922023
1:33,15.167442061740275,-42.67847759042094
1:34,15.501534166131819,-42.636866212147254
1:35,15.835195012255923,-42.59437128093714
1:36,16.168416823419705,-42.55099538850938
1:37,16.50119192405353,-42.50674117108795
1:38,16.833512740913363,-42.461611308719206
1:39,17.1653718042314,-42.415608524582424
1:40,17.496761748815118,-42.36873558429394
1:41,17.827675315095405,-42.32099529520548
1:42,18.158105350122725,-42.27239050569693
1:43,18.48804480851149,-42.22292410446409
1:44,18.81748675333455,-42.17259901980147
1:45,19.14642435696473,-42.12141821888096
1:46,19.474850901866574,-42.06938470702653
1:47,19.80275978133588,-42.01650152698528
1:48,20.13014450019051,-41.96277175819533
1:49,20.45699867540904,-41.908198516050966
1:50,20.783316036719896,-41.85278495116534
1:51,21.10909042714175,-41.79653424863105
1:52,21.434315803473197,-41.73944962727904
1:53,21.75898623673453,-41.681534338936366
1:54,22.083095912560594,-41.62279166768261
1:55,22.406639131545717,-41.56322492910615
1:56,22.729610309541528,-41.50283746955972
1:57,23.05200397790736,-41.44163266541641
1:58,23.373814783714522,-41.379613922325824
1:59,23.69503748990519,-41.31678467447111
2:00,24.015666975405566,-41.253148383827025
2:01,24.33569823519494,-41.18870853941944
2:02,24.65512638033053,-41.123468656586475
2:03,24.9739466379298,-41.05743227624171
2:04,25.292154351110014,-40.990602964139654
2:05,25.609744978885402,-40.92298431014392
2:06,25.926714096025165,-40.85457992749815
2:07,26.243057392869446,-40.785393452100216
2:08,26.558770675106956,-40.715428541779865
2:09,26.87384986351367,-40.64468887557999
2:10,27.188290993653652,-40.57317815304204
2:11,27.502090215543404,-40.50090009349542
2:12,27.81524379327928,-40.427858435351595
2:13,28.127748104630143,-40.35405693540276
2:14,28.439599640595986,-40.27949936812537
2:15,28.75079500493186,-40.204189524989076
2:16,29.06133091364029,-40.128131213770715
2:17,29.371204194430817,-40.05132825787417
2:18,29.680411786149733,-39.97378449565576
2:19,29.988950738178602,-39.89550377975571
2:20,30.2968182098044,-39.81648997643587
2:21,30.60401146956113,-39.73674696492346
2:22,30.910527894544288,-39.65627863676163
2:23,31.216364969698304,-39.57508889516641
2:24,31.521520287078943,-39.493181654390746
2:25,31.825991545090574,-39.410560839095204
2:26,32.129776547700175,-39.32723038372597
2:27,32.432873203627764,-39.2431942319
2:28,32.73527952551501,-39.15845633579754
2:29,33.03699362907321,-39.07302065556207
2:30,33.33801373221013,-38.98689115870786
2:31,33.638338154137784,-38.90007181953532
2:32,33.937965314461934,-38.81256661855392
2:33,34.236893732253435,-38.724379541913095
2:34,34.53512202510288,-38.635514580841175
2:35,34.83264890815903,-38.545975731092284
2:36,35.129473193152336,-38.45576699240129
2:37,35.42559378740427,-38.36489236794695
2:38,35.72100969282212,-38.2733558638234
2:39,36.015720004881985,-38.18116148851976
2:40,36.309723911599406,-38.088313252408184
2:41,36.603020692488485,-37.994815167240255
2:42,36.89560971751118,-37.900671245651665
2:43,37.18749044601603,-37.80588550067563
2:44,37.478662425669,-37.710461945264335
2:45,37.769125291375076,-37.614404591819195
2:46,38.05887876419274,-37.51771745172951
2:47,38.34792265024171,-37.42040453491956
2:48,38.63625683960447,-37.322469849404186
2:49,38.92388130522207,-37.22391740085301
2:50,39.21079610178532,-37.12475119216308
2:51,39.49700136462192,-37.024975223039924
2:52,39.78249730858002,-36.92459348958699
2:53,40.06728422690853,-36.823609983903964
2:54,40.35136249013536,-36.722028693692984
2:55,40.63473254494403,-36.61985360187358
2:56,40.917394913048724,-36.5170886862059
2:57,41.19935019006945,-36.41373791892216
2:58,41.48059904440581,-36.309805266366745
2:59,41.761142216113115,-36.20529468864388
3:00,42.04098051577782,-36.100210139274324
3:01,42.32011482339507,-35.994555564859624
3:02,42.59854608724851,-35.88833490475474
3:03,42.87627532279183,-35.78155209074865
3:04,43.153303611533914,-35.67421104675295
3:05,43.429632099926664,-35.56631568849853
3:06,43.70526199825699,-35.457869923239855
3:07,43.98019457954308,-35.3488776494672
3:08,44.25443117843457,-35.2393427566268
3:09,44.52797319011853,-35.129269124848264
3:10,44.800822069229895,-35.01866062468007
3:11,45.0729793287683,-34.907521116832214
3:12,45.34444653902062,-34.79585445192645
3:13,45.61522532648934,-34.683664470254044
3:14,45.885317372829036,-34.57095500154048
3:15,46.15472441378799,-34.457729864717734
3:16,46.423448238158414,-34.34399286770359
3:17,46.6914906867336,-34.22974780718785
3:18,46.95885365127296,-34.11499846842571
3:19,47.22553907347532,-33.99974862503795
3:20,47.49154894396031,-33.884002038817805
3:21,47.7568853012576,-33.76776245954504
3:22,48.02155023080678,-33.65103362480572
3:23,48.285545863964046,-33.53381925981952
3:24,48.54887437701939,-33.41612307727281
3:25,48.81153799022218,-33.29794877715844
3:26,49.073538966817324,-33.179300046621606
3:27,49.334879612089765,-33.060180559812046
3:28,49.59556227242007,-32.94059397774217
3:29,49.855589334349105,-32.82054394815115
3:30,50.11496322365298,-32.70003410537531
3:31,50.37368640442847,-32.57906807022369
3:32,50.631761378188344,-32.4576494498599
3:33,50.889190682967495,-32.33578183768926
3:34,51.14597689243922,-32.213468813251566
3:35,51.40212261504249,-32.09071394211935
3:36,51.65763049311923,-31.967520775801553
3:37,51.91250320206353,-31.843892851652026
3:38,52.16674344948025,-31.71983369278389
3:39,52.42035397435566,-31.595346807988296
3:40,52.673337546238145,-31.470435691658697
3:41,52.925696964430486,-31.345103823719597
3:42,53.17743505719247,-31.21935466956056
3:43,53.428554680955344,-31.093191679974318
3:44,53.67905871954672,-30.96661829110005
3:45,53.92895008342629,-30.839637924371083
3:46,54.17823170893331,-30.71225398646668
3:47,54.426906557544726,-30.58446986926874
3:48,54.67497761514406,-30.45628894982228
3:49,54.92244789130193,-30.32771459030047
3:50,55.16932041856721,-30.198750137973505
3:51,55.4155982517689,-30.069398925181765
3:52,55.66128446732998,-29.939664269312477
3:53,55.906382162590845,-29.8095494727808
3:54,56.15089445514489,-29.679057823014087
3:55,56.39482448218379,-29.54819259244044
3:56,56.63817539985476,-29.416957038480213
3:57,56.88095038262736,-29.285354403541774
3:58,57.12315262267221,-29.153387915019948
3:59,57.364785329249656,-29.02106078529836
4:00,57.605851728108846,-28.88837621175505
4:01,57.84635506089809,-28.75533737677094
4:02,58.086298584584924,-28.62194744774179
4:03,58.325685570887174,-28.488209577093137
4:04,58.56451930571397,-28.35412690229805
4:05,58.802803088616784,-28.219702545898272
4:06,59.04054023225163,-28.084939615527443
4:07,59.27773406185018,-27.949841203937925
4:08,59.5143879147016,-27.814410389029792
4:09,59.75050513964425,-27.67865023388258
4:10,59.986089096566644,-27.54256378678996
4:11,60.22114315591928,-27.406154081296208
4:12,60.45567069823487,-27.269424136235912
4:13,60.68967511365888,-27.132376955775598
4:14,60.923159801489774,-26.99501552945755
4:15,61.15612816972778,-26.85734283224636
4:16,61.388583634633804,-26.719361824577174
4:17,61.62052962029682,-26.581075452406587
4:18,61.85196955821088,-26.442486647265103
4:19,62.08290688686098,-26.303598326311878
4:20,62.313345051317725,-26.164413392391385
4:21,62.54328750284037,-26.024934734092152
4:22,62.772737698489834,-25.88516522580685
4:23,63.00169910074868,-25.745107727794725
4:24,63.230175177150855,-25.604765086245415
4:25,63.4581693999188,-25.464140133344788
4:26,63.68568524561003,-25.32323568734177
4:27,63.912726194770286,-25.182054552617814
4:28,64.13929573159639,-25.040599519756714
4:29,64.36539734360595,-24.898873365616772
4:30,64.5910345213153,-24.756878853404043
4:31,64.81621075792528,-24.61461873274702
4:32,65.04092954901421,-24.47209573977284
4:33,65.26519439223922,-24.32931259718432
4:34,65.48900878704407,-24.186272014338908
4:35,65.712376234375,-24.042976687328252
4:36,65.93530023640307,-23.899429299059598
4:37,66.15778429625482,-23.755632519337425
4:38,66.37983191774858,-23.611589004946996
4:39,66.60144660513855,-23.467301399738595
4:40,66.82263186286538,-23.32277233471286
4:41,67.04339119531367,-23.17800442810683
4:42,67.26372810657531,-23.033000285481748
4:43,67.48364610022064,-22.88776249981049
4:44,67.70314867907489,-22.742293651567003
4:45,67.92223934500126,-22.596596308816032
4:46,68.14092159869037,-22.450673027303733
4:47,68.35919893945544,-22.304526350549125
4:48,68.5770748650339,-22.158158809936204
4:49,68.7945528713944,-22.011572924806842
4:50,69.01163645255032,-21.864771202554092
4:51,69.22832910037766,-21.71775613871693
4:52,69.44463430444056,-21.570530217074257
4:53,69.66055555182021,-21.423095909740926
4:54,69.87609632695067,-21.275455677263327
4:55,70.09126011145928,-21.12761196871599
4:56,70.30605038401254,-20.97956722179849
4:57,70.520470620167,-20.83132386293303
4:58,70.73452429222527,-20.68288430736227
4:59,70.94821486909714,-20.534250959247625
5:00,71.16154581616522,-20.385426211768117
5:01,71.3745205951556,-20.236412447219482
5:02,71.58714266401311,-20.087212037113673
5:03,71.7994154767812,-19.937827342278716
5:04,72.01134248348637,-19.788260712958877
5:05,72.22292713002707,-19.638514488915032
5:06,72.43417285806629,-19.48859099952582
5:07,72.64508310493011,-19.338492563887936
5:08,72.8556613035081,-19.18822149091809
5:09,73.06591088215997,-19.037780079453963
5:10,73.27583526462472,-18.88717061835621
5:11,73.48543786993464,-18.736395386610102
5:12,73.69472211233243,-18.585456653427833
5:13,73.90369140119293,-18.43435667835047
5:14,74.11234914094814,-18.283097711350205
5:15,74.32069873101555,-18.131681992933107
5:16,74.5287435657307,-17.980111754241424
5:17,74.73648703428249,-17.82838921715645
5:18,74.94393252065274,-17.67651659440103
5:19,75.15108340355836,-17.524496089642522
5:20,75.35794305639739,-17.372329897595428
5:21,75.56451484719719,-17.220020204124815
5:22,75.77080213856752,-17.06756918634856
5:23,75.97680828765498,-16.914979012740705
5:24,76.18253664610137,-16.762251843234264
5:25,76.38799056000481,-16.609389829324233
5:26,76.59317336988356,-16.456395114170377
5:27,76.79808841064268,-16.303269832700416
5:28,77.00273901154384,-16.150016111712482
5:29,77.20712849617723,-15.996636069978177
5:30,77.4112601824363,-15.84313181834539
5:31,77.61513738249538,-15.689505459840692
5:32,77.81876340278926,-15.535759089772288
5:33,78.02214154399557,-15.381894795832348
5:34,78.22527510101945,-15.227914658199538
5:35,78.42816736298062,-15.073820749641243
5:36,78.63082161320216,-14.91961513561625
5:37,78.83324112920296,-14.76529987437614
5:38,79.03542918269028,-14.610877017068045
5:39,79.23738903955636,-14.456348607836013
5:40,79.43912395987557,-14.301716683923118
5:41,79.64063719790475,-14.146983275772838
5:42,79.84193200208425,-13.992150407130957
5:43,80.04301161504235,-13.837220095146373
5:44,80.24387927360048,-13.682194350472512
5:45,80.44453820878016,-13.527075177368618
5:46,80.64499164581268,-13.371864573800156
5:47,80.84524280414927,-13.216564531539985
5:48,81.04529489747387,-13.06117703626856
5:49,81.24515113371707,-12.905704067674469
5:50,81.44481471507179,-12.75014759955449
5:51,81.64428883801003,-12.594509599913888
5:52,81.84357669330201,-12.43879203106585
5:53,82.04268146603584,-12.282996849731367
5:54,82.24160633563908,-12.127126007138596
5:55,82.44035447590134,-11.971181449122234
5:56,82.63892905499867,-11.815165116222357
5:57,82.83733323551859,-11.659078943783536
5:58,83.03557017448686,-11.50292486205327
5:59,83.23364302339525,-11.34670479628058
6:00,83.43155492823031,-11.190420666814221
6:01,83.62930902950364,-11.03407438920071
6:02,83.8269084622826,-10.87766787428227
6:03,84.02435635622285,-10.721203028294338
6:04,84.22165583560131,-10.564681752962953
6:05,84.41881001935033,-10.408105945602049
6:06,84.61582202109228,-10.25147749921069
6:07,84.81269494917613,-10.094798302569357
6:08,85.00943190671393,-9.938070240336764
6:09,85.20603599161824,-9.78129519314627
6:10,85.40251029664063,-9.624475037702032
6:11,85.59885790941094,-9.467611646874674
6:12,85.79508191247683,-9.3107068897974
6:13,85.99118538334469,-9.153762631961044
6:14,86.18717139452053,-8.996780735309642
6:15,86.38304301355211,-8.83976305833528
6:16,86.57880330307107,-8.682711456173081
6:17,86.77445532083597,-8.525627780695844
6:18,86.970002119776,-8.368513880608253
6:19,87.16544674803481,-8.211371601541193
6:20,87.36079224901519,-8.054202786145634
6:21,87.5560416614237,-7.8970092741865745
6:22,87.75119801931626,-7.73979290263636
6:23,87.94626435214406,-7.582555505767935
6:24,88.14124368479929,-7.425298915248149
6:25,88.33613903766175,-7.268024960230627
6:26,88.53095342664565,-7.110735467448228
6:27,88.72568986324646,-6.953432261305753
6:28,88.92035135458835,-6.79611716397198
6:29,89.1149409034716,-6.638791995471796
6:30,89.30946150842021,-6.481458573777998
6:31,89.50391616372993,-6.3241187149028555
6:32,89.69830785951594,-6.166774232989637
6:33,89.89263958176132,-6.009426940403628
6:34,90.08691431236512,-5.852078647823119
6:35,90.28113502919062,-5.694731164330227
6:36,90.47530470611335,-5.537386297501713
6:37,90.66942631306998,-5.380045853498836
6:38,90.86350281610643,-5.22271163715771
6:39,91.05753717742587,-5.065385452079491
6:40,91.25153235543735,-4.90806910071979
6:41,91.44549130480381,-4.75076438447831
6:42,91.63941697648993,-4.593473103788411
6:43,91.8333123178105,-4.436197058205836
6:44,92.02718027247766,-4.278938046498086
6:45,92.22102378064925,-4.1216978667326325
6:46,92.41484577897525,-3.9644783163660846
6:47,92.60864920064571,-3.8072811923320655
6:48,92.80243697543746,-3.650108291129549
6:49,92.99621202976067,-3.492961408910779
6:50,93.18997728670544,-3.3358423415689744
6:51,93.38373566608759,-3.1787528848261073
6:52,93.57749008449458,-3.0216948343200625
6:53,93.77124345533109,-2.864669985691714
6:54,93.96499868886352,-2.7076801346723047
6:55,94.15875869226498,-2.5507270771698916
6:56,94.35252636965939,-2.393812609356078
6:57,94.5463046221649,-2.2369385277525367
6:58,94.74009634793765,-2.080106629317006
6:59,94.93390444221401,-1.9233187115296255
7:00,95.12773179735335,-1.766576572478404
7:01,95.32158130287914,-1.6098820109453307
7:02,95.51545584552063,-1.453236826491501
7:03,95.7093583092531,-1.2966428195426023
7:04,95.90329157533802,-1.1401017914738516
7:05,96.09725852236228,-0.9836155446950152
7:06,96.29126202627664,-0.8271858827353548
7:07,96.48530496043415,-0.6708146103277925
7:08,96.67939019562743,-0.5145035334933297
7:09,96.87352060012502,-0.3582544596254391
7:10,97.06769903970736,-0.20206919757388672
7:11,97.26192837770206,-0.0459495577284979
7:12,97.45621147501785,0.11010264789698247
7:13,97.65055119017858,0.2660856055818895
7:14,97.84495037935541,0.42199749981495255
7:15,98.03941189639932,0.5778365132118045
7:16,98.23393859287128,0.7336008264314918
7:17,98.4285333180729,0.8892886180942896
7:18,98.62319891907534,1.0448980646990476
7:19,98.81793824074765,1.2004273405409394
7:20,99.01275412578397,1.355874617629484
7:21,99.20764941472947,1.5112380656062723
7:22,99.40262694600621,1.6665158516638239
7:23,99.597689555937,1.8217061404638641
7:24,99.79284007876839,1.9768070940558133
7:25,99.98808134669305,2.1318168717960124
7:26,100.1834161898706,2.2867336302667067
7:27,100.37884743644737,2.441555523195298
7:28,100.57437791257512,2.5962807013739253
7:29,100.77001044242863,2.750907312579269
7:30,100.96574784822187,2.9054335014923836
7:31,101.1615929502231,3.0598574096188997
7:32,101.35754856676866,3.214177175209383
7:33,101.5536175142755,3.368390933179896
7:34,101.74980260725252,3.5224968150329383
7:35,101.94610665831034,3.6764929487783866
7:36,102.14253247816966,3.8303774588545267
7:37,102.33908287566874,3.984148466049945
7:38,102.53576065776922,4.137804087425172
7:39,102.73256862956006,4.291342436234438
7:40,102.92950959426076,4.444761621848071
7:41,103.12658635322248,4.598059749674814
7:42,103.32380170592805,4.751234921084619
7:43,103.52115844999028,4.904285233331555
7:44,103.71865938114877,5.057208779477059
7:45,103.91630729326509,5.210003648313457
7:46,104.11410497831628,5.362667924287546
7:47,104.3120552263867,5.515199687424729
7:48,104.51016082565843,5.667597013253276
7:49,104.70842456239973,5.819857972728894
7:50,104.90684922095191,5.971980632159684
7:51,105.105437583714,6.123963053130913
7:52,105.30419243112662,6.275803292431007
7:53,105.50311654165316,6.427499401977081
7:54,105.70221269175909,6.579049428740791
7:55,105.90148365589009,6.730451414675036
7:56,106.10093220644774,6.881703396640572
7:57,106.30056111376314,7.032803406332837
7:58,106.50037314606928,7.183749470209711
7:59,106.70037106947069,7.3345396094189805
8:00,106.90055764791134,7.485171839726485
8:01,107.10093564314057,7.635644171444572
8:02,107.30150781467688,7.785954609360918
8:03,107.50227691976924,7.93610115266753
8:04,107.70324571335735,8.086081794890793
8:05,107.90441694802803,8.235894523820868
8:06,108.10579337397081,8.385537321442316
8:07,108.30737773893081,8.5350081638649
8:08,108.50917278815933,8.684305021254886
8:09,108.71118126436197,8.833425857766448
8:10,108.91340590764457,8.982368631473804
8:11,109.11584945545704,9.131131294303911
8:12,109.31851464253405,9.279711791969113
8:13,109.52140420083431,9.428108063900995
8:14,109.72452085947641,9.57631804318404
8:15,109.92786734467282,9.724339656490248
8:16,110.13144637966089,9.872170824013901
8:17,110.33526068463166,10.019809459407162
8:18,110.53931297665564,10.167253469715895
8:19,110.74360596960669,10.314500755316523
8:20,110.94814237408222,10.46154920985274
8:21,111.15292489732134,10.608396720173255
8:22,111.35795624312033,10.75504116627022
8:23,111.56323911174512,10.901480421217968
8:24,111.76877619984057,11.04771235111223
8:25,111.97457020033784,11.193734815010496
8:26,112.18062380235791,11.33954566487249
8:27,112.38693969111279,11.485142745501577
8:28,112.59352054780375,11.630523894486846
8:29,112.80036904951614,11.775686942145697
8:30,113.0074878691117,11.92062971146725
8:31,113.21487967511743,12.065350018056488
8:32,113.42254713161152,12.209845670078943
8:33,113.63049289810617,12.354114468206408
8:34,113.83871962942757,12.498154205563383
8:35,114.04722997559173,12.641962667673827
8:36,114.25602658167793,12.785537632409268
8:37,114.46511208769881,12.928876869937552
8:38,114.67448912846707,13.071978142672478
8:39,114.88416033345852,13.214839205224022
8:40,115.09412832667196,13.357457804349622
8:41,115.30439572648609,13.499831678906554
8:42,115.51496514551205,13.641958559804667
8:43,115.72583919044348,13.78383616996076
8:44,115.93702046190243,13.925462224253279
8:45,116.14851155428188,14.066834429478405
8:46,116.36031505558476,14.207950484306838
8:47,116.5724335472591,14.348808079241737
8:48,116.78486960403002,14.489404896577785
8:49,116.9976257937276,14.629738610361137
8:50,117.2107046771112,14.769806886350585
8:51,117.42410880768986,14.909607381979546
8:52,117.63784073153926,15.049137746319575
8:53,117.85190298711497,15.188395620045034
8:54,118.0662981050608,15.327378635398208
8:55,118.28102860801476,15.466084416156612
8:56,118.49609701041004,15.60451057760079
8:57,118.71150581827243,15.742654726483696
8:58,118.92725752901396,15.880514461001361
8:59,119.14335463122214,16.01808737076463
9:00,119.35979960444547,16.15537103677241
9:01,119.57659491897479,16.292363031386262
9:02,119.79374303562044,16.42906091830616
9:03,120.01124640548565,16.565462252548006
9:04,120.2291074697355,16.70156458042233
9:05,120.44732865936177,16.837365439514436
9:06,120.66591239494345,16.972862358666028
9:07,120.8848610864035,17.108052857958565
9:08,121.10417713276124,17.242934448698115
9:09,121.32386292187977,17.377504633401294
9:10,121.54392083021027,17.511760905783596
9:11,121.76435322253117,17.64570075074874
9:12,121.98516245168307,17.779321644379824
9:13,122.2063508583,17.912621053932472
9:14,122.42792077053522,18.045596437829204
9:15,122.64987450378402,18.178245245656175
9:16,122.8722143604005,18.310564918160885
9:17,123.09494262941155,18.442552887252532
9:18,123.31806158622527,18.574206576003732
9:19,123.5415734923356,18.70552339865421
9:20,123.76548059502227,18.836500760616545
9:21,123.98978512704605,18.967136058483515
9:22,124.2144893063402,19.09742668003792
9:23,124.43959533569708,19.22737000426413
9:24,124.66510540245005,19.356963401361554
9:25,124.89102167815135,19.486204232760482
9:26,125.11734631824513,19.61508985113981
9:27,125.34408146173632,19.743617600447084
9:28,125.5712292308551,19.871784815920698
9:29,125.7987917307162,19.999588824114106
9:30,126.02677104897492,20.127026942922736
9:31,126.25516925547737,20.25409648161257
9:32,126.48398840190733,20.38079474085168
9:33,126.71323052142813,20.50711901274368
9:34,126.94289762832038,20.63306658086386
9:35,127.17299171761506,20.75863472029757
9:36,127.40351476472193,20.883820697680914
9:37,127.63446872505477,21.00862177124461
9:38,127.8658555336509,21.133035190859644
9:39,128.09767710478704,21.257058198085893
9:40,128.32993533159083,21.380688026223275
9:41,128.56263208564803,21.503921900365622
9:42,128.7957692166052,21.62675703745695
9:43,129.02934855176886,21.74919064635104
9:44,129.26337189569966,21.87121992787304
9:45,129.4978410298034,21.992842074884685
9:46,129.73275771191643,22.114054272351453
9:47,129.96812367588893,22.234853697413353
9:48,130.20394063116248,22.355237519458246
9:49,130.44021026234492,22.47520290019818
9:50,130.67693422878057,22.594746993748796
9:51,130.91411416411643,22.713866946711356
9:52,131.15175167586582,22.832559898258605
9:53,131.38984834496708,22.950822980223002
9:54,131.62840572533884,23.068653317188314
9:55,131.86742534343207,23.18604802658444
9:56,132.10690869777844,23.30300421878538
9:57,132.346857258535,23.419518997210385
9:58,132.58727246702603,23.53558945842848
9:59,132.82815573528097,23.65121269226622
10:00,133.06950844556985,23.766385781918842
10:01,133.3113319499347,23.88110580406452
10:02,133.55362756971886,23.995369828982472
10:03,133.79639659509286,24.109174920674114
10:04,134.0396402845777,24.222518136987947
10:05,134.2833598645652,24.335396529747737
10:06,134.52755652883542,24.447807144884138
10:07,134.77223143807282,24.55974702257043
10:08,135.01738571937872,24.671213197361197
10:09,135.26302046578195,24.78220269833492
10:10,135.50913673574757,24.89271254924027
10:11,135.75573555268318,25.00273976864586
10:12,136.0028179044436,25.112281370093953
10:13,136.25038474283394,25.22133436225779
10:14,136.49843698311037,25.32989574910253
10:15,136.74697550348054,25.437962530050335
10:16,136.99600114460134,25.545531700148846
10:17,137.2455147090767,25.65260025024377
10:18,137.4955169609533,25.75916516715514
10:19,137.74600862521658,25.865223433857764
10:20,137.99699038728494,25.97077202966515
10:21,138.2484628925037,26.075807930417408
10:22,138.50042674563952,26.1803281086736
10:23,138.75288251037364,26.284329533907425
10:24,139.00583070879537,26.38780917270708
10:25,139.259271820896,26.490763988979225
10:26,139.51320628406287,26.59319094415674
10:27,139.767634492574,26.695086997410613
10:28,140.02255679709378,26.79644910586593
10:29,140.27797350416924,26.89727422482166
10:30,140.53388487572772,26.997559307974733
10:31,140.79029112857552,27.097301307647836
10:32,141.0471924338989,27.19649717502164
10:33,141.30458891676605,27.29514386037074
10:34,141.56248065563184,27.393238313303986
10:35,141.82086768184445,27.490777483008628
10:36,142.07974997915358,27.58775831849823
10:37,142.33912748322393,27.684177768865606
10:38,142.59900008114877,27.78003278353871
10:39,142.85936761096826,27.87532031254116
10:40,143.1202298611913,27.970037306756783
10:41,143.3815865703201,28.064180718197903
10:42,143.64343742637962,28.157747500277885
10:43,143.90578206645102,28.25073460808769
10:44,144.1686200762089,28.343138998676153
10:45,144.43195098946467,28.43495763133468
10:46,144.6957742877132,28.526187467885325
10:47,144.9600893996858,28.616825472973208
10:48,145.22489570090912,28.706868614362815
10:49,145.49019251326848,28.79631386323798
10:50,145.7559791045785,28.88515819450577
10:51,146.02225468815948,28.973398587104295
10:52,146.28901842242072,29.061032024314216
10:53,146.55626941045097,29.148055494074125
10:54,146.82400669961555,29.234465989299483
10:55,147.09222928116105,29.320260508205166
10:56,147.36093608982867,29.40543605463204
10:57,147.63012600347437,29.48998963837661
10:58,147.8997978426987,29.57391827552463
10:59,148.16995037048454,29.657218988788056
11:00,148.44058229184424,29.739888807845386
11:01,148.71169225347523,29.821924769685374
11:02,148.98327884342672,29.903323918954314
11:03,149.25534059077464,29.98408330830622
11:04,149.52787596530837,30.064199998756713
11:05,149.8008833772269,30.143671060039594
11:06,150.07436117684517,30.22249357096654
11:07,150.34830765431414,30.300664619790425
11:08,150.6227210393493,30.378181304570706
11:09,150.89759950097243,30.45504073354227
11:10,151.17294114726548,30.531240025486955
11:11,151.44874402513577,30.606776310107634
11:12,151.72500612009472,30.68164672840508
11:13,152.00172535604926,30.75584843305738
11:14,152.27889959510603,30.8293785888017
11:15,152.55652663738957,30.90223437281853
11:16,152.8346042208742,30.974412975118224
11:17,153.1131300212294,31.045911598929525
11:18,153.39210165168055,31.11672746109049
11:19,153.67151666288333,31.186857792441135
11:20,153.95137254281366,31.256299838218098
11:21,154.23166671667227,31.325050858451
11:22,154.51239654680543,31.39310812836061
11:23,154.79355933264105,31.46046893875852
11:24,155.07515231064053,31.527130596448146
11:25,155.35717265426683,31.593090424627192
11:26,155.63961747396965,31.65834576329133
11:27,155.92248381718665,31.722893969638914
11:28,156.20576866836194,31.78673241847676
11:29,156.48946894898208,31.849858502626695
11:30,156.77358151762874,31.91226963333286
11:31,157.05810317004966,31.973963240669633
11:32,157.34303063924722,32.03493677394999
11:33,157.62836059558498,32.095187702134155
11:34,157.9140896469131,32.154713514238615
11:35,158.20021433871162,32.2135117197451
11:36,158.48673115425146,32.271579849009164
11:37,158.77363651477722,32.32891545366933
11:38,159.0609267797057,32.385516107055075
11:39,159.34859824684509,32.44137940459467
11:40,159.63664715263388,32.496502964222515
11:41,159.92506967239797,32.550884426785295
11:42,160.213861920628,32.60452145644746
11:43,160.50301995127694,32.65741174109562
11:44,160.79253975807632,32.70955299274155
11:45,161.0824172748729,32.76094294792385
11:46,161.37264837598588,32.811579368108106
11:47,161.66322887658265,32.86146004008524
11:48,161.95415453307618,32.910582776368074
11:49,162.24542104354242,32.958945415585895
11:50,162.53702404815644,33.006545822876696
11:51,162.82895912965046,33.05338189027723
11:52,163.12122181379158,33.099451537110504
11:53,163.41380756987976,33.14475271037064
11:54,163.706711811266,33.18928338510485
11:55,163.99992989589046,33.23304156479249
11:56,164.2934571268416,33.276025281721
11:57,164.58728875293482,33.31823259735843
11:58,164.8814199693115,33.35966160272271
11:59,165.1758459180582,33.40031041874707
12:00,165.47056168884527,33.44017719664186
12:01,165.7655623195859,33.479260118252284
12:02,166.06084279711484,33.517557396412165
12:03,166.35639805788617,33.55506727529334
12:04,166.6522229886919,33.59178803075084
12:05,166.94831242739815,33.627717970663156
12:06,167.2446611637016,33.66285543526806
12:07,167.54126393990558,33.69719879749357
12:08,167.83811545171318,33.73074646328362
12:09,168.13521034904025,33.76349687191873
12:10,168.43254323684687,33.79544849633138
12:11,168.73010867598632,33.82659984341568
12:12,169.02790118407202,33.85694945433168
12:13,169.32591523636307,33.88649590480363
12:14,169.62414526666603,33.915237805412595
12:15,169.92258566825438,33.94317380188269
12:16,170.22123079480497,33.97030257536144
12:17,170.5200749613503,33.99662284269346
12:18,170.81911244524755,34.02213335668797
12:19,171.11833748716379,34.04683290637952
12:20,171.41774429207572,34.07072031728198
12:21,171.71732703028496,34.093794451635745
12:22,172.01707983844855,34.11605420864783
12:23,172.3169968206237,34.13749852472513
12:24,172.61707204932603,34.15812637369999
12:25,172.91729956660166,34.17793676704891
12:26,173.21767338511273,34.19692875410348
12:27,173.51818748923557,34.21510142225385
12:28,173.81883583617082,34.23245389714462
12:29,174.1196123570663,34.24898534286285
12:30,174.4205109581501,34.26469496211821
12:31,174.72152552187552,34.27958199641525
12:32,175.02264990807606,34.29364572621758
12:33,175.32387795513074,34.30688547110383
12:34,175.62520348113878,34.319300589915706
12:35,175.92662028510276,34.33089048089726
12:36,176.22812214812103,34.341654581826276
12:37,176.5297028345877,34.351592370136935
12:38,176.83135609340087,34.36070336303409
12:39,177.13307565917586,34.36898711759896
12:40,177.43485525346682,34.3764432308862
12:41,177.7366885859938,34.383071340012336
12:42,178.0385693558738,34.38887112223544
12:43,178.34049125285853,34.39384229502617
12:44,178.64244795857502,34.397984616129776
12:45,178.94443314777027,34.40129788361961
12:46,179.24644048955943,34.403781935941474
12:47,179.54846364867558,34.4054366519493
12:48,179.85049628672226,34.406261950931814
12:49,180.1525320634277,34.4062577926304
12:50,180.45456463789884,34.40542417724787
12:51,180.75658766987593,34.403761145448556
12:52,181.05859482098796,34.401268778349234
12:53,181.36057975600593,34.39794719750126
12:54,181.66253614409501,34.39379656486382
12:55,181.9644576600651,34.388817082768185
12:56,182.26633798561852,34.383008993873126
12:57,182.56817081059452,34.37637258111156
12:58,182.86994983421064,34.36890816762824
12:59,183.1716687662991,34.36061611670873
13:00,183.47332132853919,34.3514968316996
13:01,183.77490125568352,34.341550755919975
13:02,184.07640229677912,34.33077837256429
13:03,184.37781821638174,34.319180204596556
13:04,184.6791427957635,34.306756814636024
13:05,184.9803698341127,34.29350880483431
13:06,185.2814931497256,34.279436816744166
13:07,185.58250658119056,34.264541531179844
13:08,185.88340398856235,34.24882366806914
13:09,186.18417925452684,34.23228398629735
13:10,186.48482628555638,34.21492328354287
13:11,186.78533901305423,34.19674239610501
13:12,187.08571139448802,34.17774219872372
13:13,187.38593741451217,34.15792360439136
13:14,187.68601108607805,34.13728756415694
13:15,187.9859264515321,34.11583506692248
13:16,188.2856775837007,34.09356713923191
13:17,188.5852585869626,34.07048484505255
13:18,188.88466359830701,34.046589285549146
13:19,189.18388678837846,34.02188159885074
13:20,189.48292236250646,33.99636295981044
13:21,189.78176456172054,33.97003457975823
13:22,190.08040766375103,33.94289770624678
13:23,190.3788459840133,33.9149536227907
13:24,190.67707387657632,33.886203648599036
13:25,190.97508573511539,33.856649138301414
13:26,191.2728759938482,33.82629148166772
13:27,191.57043912845387,33.795132103321706
13:28,191.86776965697524,33.76317246244839
13:29,192.16486214070346,33.73041405249567
13:30,192.46171118504515,33.69685840087004
13:31,192.75831144037124,33.6625070686268
13:32,193.0546576028481,33.62736165015464
13:33,193.35074441525,33.591423772855
13:34,193.64656666775306,33.55469509681614
13:35,193.94211919871046,33.51717731448228
13:36,194.23739689540798,33.478872150317876
13:37,194.53239469480164,33.43978136046696
13:38,194.82710758423482,33.39990673240815
13:39,195.12153060213632,33.35925008460517
13:40,195.41565883869887,33.31781326615303
13:41,195.70948743653784,33.27559815642024
13:42,196.00301159132948,33.232606664687005
13:43,196.29622655243065,33.18884072977966
13:44,196.58912762347688,33.14430231970148
13:45,196.88171016296133,33.09899343126003
13:46,197.17396958479318,33.052916089691266
13:47,197.46590135883594,33.006072348280426
13:48,197.75750101142543,32.95846428798
13:49,198.04876412586765,32.91009401702486
13:50,198.3396863429162,32.860963670544685
13:51,198.63026336122923,32.8110754101741
13:52,198.92049093780702,32.76043142366008
13:53,199.21036488840832,32.70903392446759
13:54,199.49988108794707,32.65688515138298
13:55,199.78903547086884,32.60398736811556
13:56,200.07782403150745,32.55034286289741
13:57,200.3662428244209,32.495953948081834
13:58,200.65428796470874,32.440822959740146
13:59,200.94195562830825,32.38495225725737
14:00,201.2292420522718,32.32834422292685
14:01,201.5161435350243,32.27100126154386
14:02,201.80265643660147,32.212925799998416
14:03,202.08877717886838,32.15412028686753
14:04,202.37450224571955,32.094587192006806
14:05,202.65982818325935,32.0343290061418
14:06,202.9447515999637,31.973348240459224
14:07,203.22926916682388,31.9116474261978
14:08,203.51337761747092,31.849229114239485
14:09,203.7970737482821,31.786095874700727
14:10,204.0803544184695,31.722250296524145
14:11,204.3632165501507,31.65769498707051
14:12,204.64565712840107,31.592432571711655
14:13,204.92767320129022,31.526465693423656
14:14,205.20926187989957,31.459797012381276
14:15,205.49042033832401,31.3924292055532
14:16,205.77114581365635,31.324364966298333
14:17,206.05143560595545,31.255607003963448
14:18,206.3312870781982,31.186158043482042
14:19,206.61069765621534,31.116020824974758
14:20,206.88966482861179,31.045198103351243
14:21,207.16818614667093,30.973692647913904
14:22,207.4462592242449,30.901507241963067
14:23,207.72388173762872,30.828644682404423
14:24,208.00105142542054,30.75510777935822
14:25,208.2777660883672,30.680899355770645
14:26,208.55402358919616,30.606022247027283
14:27,208.82982185243262,30.53047930056911
14:28,209.1051588642049,30.45427337551046
14:29,209.38003267203482,30.377407342259808
14:30,209.6544413846164,30.299884082142963
14:31,209.92838317158132,30.221706487028886
14:32,210.2018562632523,30.142877458958225
14:33,210.47485895038463,30.063399909774695
14:34,210.7473895838956,29.9832767607593
14:35,211.019446574583,29.90251094226742
14:36,211.29102839283178,29.821105393369205
14:37,211.56213356831114,29.739063061492544
14:38,211.83276068965972,29.656386902069713
14:39,212.1029084041616,29.57307987818692
14:40,212.37257541741187,29.48914496023724
14:41,212.64176049297296,29.404585125576844
14:42,212.91046245202108,29.319403358184758
14:43,213.1786801729847,29.233602648325757
14:44,213.44641259117333,29.14718599221706
14:45,213.71365869839832,29.06015639169848
14:46,213.9804175425855,28.9725168539061
14:47,214.24668822738028,28.884270390949645
14:48,214.51246991174457,28.795420019593518
14:49,214.77776180954726,28.705968760941555
14:50,215.04256318914733,28.615919640125465
14:51,215.3068733729699,28.525275685997318
14:52,215.57069173707708,28.434039930825392
14:53,215.83401771073167,28.342215409994274
14:54,216.09685077595537,28.249805161708704
14:55,216.3591904670816,28.15681222670128
14:56,216.62103637030293,28.06323964794409
14:57,216.8823881232133,27.969090470364502
14:58,217.1432454143463,27.8743677405645
14:59,217.4036079827079,27.779074506544386
15:00,217.6634756173059,27.683213817430342
15:01,217.92284815667472,27.586788723206006
15:02,218.1817254883971,27.48980227444805
15:03,218.44010754862188,27.39225752206583
15:04,218.69799432157902,27.294157517045104
15:05,218.95538583909132,27.195505310195657
15:06,219.2122821800831,27.096303951903316
15:07,219.46868347008768,26.99655649188547
15:08,219.72458988075113,26.896265978951206
15:09,219.98000162933474,26.795435460765148
15:10,220.23491897821566,26.694067983615476
15:11,220.4893422343858,26.59216659218597
15:12,220.7432717489491,26.489734329332226
15:13,220.99670791661856,26.38677423586155
15:14,221.24965117521117,26.283289350317297
15:15,221.50210200514283,26.179282708766955
15:16,221.7540609289224,26.0747573445944
15:17,222.0055285106455,25.969716288296013
15:18,222.25650535548803,25.864162567280857
15:19,222.5069921091999,25.758099205674807
15:20,222.7569894575988,25.651529224128552
15:21,223.00649812606395,25.544455639629817
15:22,223.25551887903134,25.436881465318972
15:23,223.5040525194889,25.32880971030907
15:24,223.75209988847263,25.220243379509437
15:25,223.9996618645639,25.11118547345326
15:26,224.2467393633881,25.00163898812887
15:27,224.49333333711397,24.89160691481514
15:28,224.7394447739554,24.781092239920113
15:29,224.985074697674,24.670097944823972
15:30,225.23022416708378,24.558627005725384
15:31,225.47489427555766,24.446682393491653
15:32,225.71908615053604,24.334267073512578
15:33,225.96280095303757,24.221384005557894
15:34,226.20603987717192,24.10803614363841
15:35,226.44880414965547,23.99422643587058
15:36,226.6910950293286,23.87995782434499
15:37,226.93291380667694,23.765233244997816
15:38,227.1742618033539,23.65005562748631
15:39,227.4151403717071,23.534427895067452
15:40,227.65555089430708,23.418352964480157
15:41,227.89549478347948,23.301833745830756
15:42,228.13497348083973,23.184873142482168
15:43,228.37398845683182,23.067474050945847
15:44,228.61254121026957,22.949639360777535
15:45,228.8506332678816,22.831371954476094
15:46,229.08826618385967,22.712674707385546
15:47,229.32544153941075,22.593550487600304
15:48,229.5621609423122,22.474002155873645
15:49,229.79842602647116,22.354032565529224
15:50,230.03423845148743,22.23364456237566
15:51,230.2695999022196,22.11284098462444
15:52,230.50451208835636,21.991624662810302
15:53,230.7389767439903,21.86999841971514
15:54,230.97299562719638,21.747965070294587
15:55,231.2065705196144,21.625527421607515
15:56,231.43970322603522,21.502688272748443
15:57,231.6723955739912,21.379450414782966
15:58,231.90464941335102,21.255816630685484
15:59,232.1364666159184,21.131789695280208
16:00,232.36784907503488,21.007372375184687
16:01,232.59879870518728,20.88256742875594
16:02,232.82931744161917,20.757377606039405
16:03,233.0594072399465,20.631805648720388
16:04,233.28907007577794,20.505854290078123
16:05,233.51830794433928,20.379526254942338
16:06,233.74712286010202,20.252824259652584
16:07,233.97551685641707,20.125751012019453
16:08,234.2034919851521,19.998309211288877
16:09,234.43105031633363,19.870501548108415
16:10,234.65819393779356,19.742330704496062
16:11,234.88492495482018,19.61379935381131
16:12,235.11124548981323,19.484910160728678
16:13,235.33715768194426,19.355665781213133
16:14,235.56266368682068,19.2260688624981
16:15,235.7877656761545,19.096122043065467
16:16,236.01246583743563,18.9658279526278
16:17,236.2367663736098,18.83518921211263
16:18,236.46066950276045,18.704208433648905
16:19,236.6841774577956,18.572888220555324
16:20,236.90729248613906,18.441231167330862
16:21,237.1300168494255,18.309239859647366
16:22,237.35235282320116,18.176916874343572
16:23,237.57430269662794,18.044264779421702
16:24,237.79586877219228,17.911286134045536
16:25,238.01705336541852,17.777983488540443
16:26,238.23785880458672,17.644359384395187
16:27,238.45828743045433,17.510416354265768
16:28,238.67834159598323,17.37615692198047
16:29,238.8980236660701,17.241583602547212
16:30,239.11733601728176,17.106698902162247
16:31,239.33628103759463,16.97150531822067
16:32,239.55486112613835,16.836005339328477
16:33,239.77307869294407,16.70020144531627
16:34,239.99093615869646,16.564096107254496
16:35,240.2084359544905,16.427691787470263
16:36,240.42558052159188,16.290990939565802
16:37,240.64237231120237,16.153996008438
16:38,240.85881378422857,16.01670943029984
16:39,241.0749074110551,15.879133632703107
16:40,241.29065567132233,15.741271034562374
16:41,241.5060610537073,15.603124046180543
16:42,241.72112605570922,15.464695069275797
16:43,241.9358531834394,15.325986497009426
16:44,242.15024495141427,15.187000714015516
16:45,242.36430388235297,15.047740096431598
16:46,242.57803250697887,14.908207011930525
16:47,242.79143336382458,14.768403819753768
16:48,243.00450899904126,14.628332870745691
16:49,243.21726196621174,14.487996507389125
16:50,243.42969482616718,14.347397063841997
16:51,243.64181014680742,14.206536865975385
16:52,243.8536105029259,14.065418231412043
16:53,244.06509847603735,13.92404346956668
16:54,244.27627665420945,13.78241488168692
16:55,244.4871476318985,13.640534760895372
16:56,244.6977140097882,13.498405392232685
16:57,244.9079783946321,13.356029052701883
16:58,245.1179433991001,13.21340801131302
16:59,245.32761164162793,13.070544529129462
17:00,245.53698574627006,12.927440859314737
17:01,245.7460683425565,12.784099247180388
17:02,245.9548620653526,12.640521930234708
17:03,246.16336955472246,12.496711138232323
17:04,246.37159345579573,12.352669093224673
17:05,246.57953641863728,12.20839800961126
17:06,246.7872010981207,12.063900094191748
17:07,246.99459015380455,11.919177546219027
17:08,247.2017062498123,11.774232557452583
17:09,247.40855205471496,11.629067312213158
17:10,247.6151302414172,11.48368398743779
17:11,247.82144348704608,11.33808475273603
17:12,248.02749447284356,11.192271770446148
17:13,248.23328588406144,11.046247195692677
17:14,248.43882040985943,10.900013176444444
17:15,248.64410074320625,10.753571853573119
17:16,248.84912958078374,10.606925360912632
17:17,249.05390962289349,10.46007582531907
17:18,249.2584435733667,10.313025366731264
17:19,249.4627341394767,10.16577609823197
17:20,249.66678403185418,10.018330126109646
17:21,249.87059596440534,9.870689549920764
17:22,250.07417265423237,9.722856462552913
17:23,250.27751682155719,9.574832950288013
17:24,250.48063118964745,9.426621092866444
17:25,250.68351848474504,9.278222963551613
17:26,250.88618143599723,9.129640629195164
17:27,251.0886227753909,8.980876150302208
17:28,251.29084523768836,8.831931581097635
17:29,251.49285156036638,8.682808969592603
17:30,251.69464448355717,8.533510357651553
17:31,251.89622674999214,8.38403778105968
17:32,252.09760110494778,8.23439326959088
17:33,252.29877029619388,8.08457884707611
17:34,252.4997370739444,7.934596531472211
17:35,252.70050419081008,7.784448334931074
17:36,252.9010744017537,7.634136263869313
17:37,253.1014504640473,7.483662319038432
17:38,253.30163513723193,7.333028495594998
17:39,253.5016311830791,7.182236783171636
17:40,253.70144136555473,7.0312891659481105
17:41,253.90106845078463,6.880187622723173
17:42,254.10051520702302,6.728934126986065
17:43,254.29978440462205,6.577530646989066
17:44,254.4988788160038,6.4259791458200874
17:45,254.69780121563434,6.274281581475543
17:46,254.89655437999932,6.122439906933767
17:47,255.09514108758202,5.970456070228493
17:48,255.29356411884265,5.818332014522914
17:49,255.49182625620003,5.666069678183852
17:50,255.6899302840148,5.513670994856328
17:51,255.88787898857447,5.361137893538347
17:52,256.0856751580801,5.2084722986562975
17:53,256.28332158263527,5.055676130140012
17:54,256.4808210542359,4.902751303498714
17:55,256.6781763667624,4.749699729896878
17:56,256.875390315973,4.596523316230807
17:57,257.07246569949945,4.443223965204661
17:58,257.2694053168433,4.2898035754076265
17:59,257.4662119693745,4.136264041390817
18:00,257.6628884603312,3.982607253744611
18:01,257.8594375948212,3.8288350991761995
18:02,258.05586217982477,3.67494946058737
18:03,258.25216502419903,3.520952217152562
18:04,258.44834893868386,3.366845244397128
18:05,258.6444167359087,3.2126304142758375
18:06,258.84037123040156,3.058309595251596
18:07,259.0362152385984,2.9038846523745794
18:08,259.23195157885505,2.7493574473611546
18:09,259.4275830714592,2.59472983867343
18:10,259.6231125386444,2.440003681598865
18:11,259.818542804605,2.285180828330325
18:12,260.0138766955128,2.1302631280457107
18:13,260.2091170395343,1.9752524269885927
18:14,260.4042666668493,1.820150568548535
18:15,260.59932840967093,1.6649593933418199
18:16,260.7943051022666,1.5096807392923395
18:17,260.9891995809799,1.3543164417126774
18:18,261.18401468425407,1.1988683333854313
18:19,261.3787532526557,1.0433382446446733
18:20,261.57341812890076,0.8877280034576343
18:21,261.76801215788015,0.7320394355066013
18:22,261.9625381866872,0.5762743642711449
18:23,262.15699906464596,0.420434611110126
18:24,262.3513976433405,0.26452199534434095
18:25,262.54573677664456,0.10853833433908147
18:26,262.7400193207529,-0.04751455641272611
18:27,262.934248134213,-0.2036348632079431
18:28,263.1284260779579,-0.3598207740496232
18:29,263.3225560153395,-0.5160704785637522
18:30,263.51664081216296,-0.6723821679155565
18:31,263.71068333672207,-0.8287540347257966
18:32,263.9046864598348,-0.9851842729867093
18:33,264.09865305488006,-1.1416710779778463
18:34,264.2925859978351,-1.2982126461817622
18:35,264.4864881673132,-1.4548071751993985
18:36,264.680362444603,-1.6114528636655108
18:37,264.874211713707,-1.7681479111633778
18:38,265.0680388613823,-1.924890518140194
18:39,265.2618467771808,-2.0816788858214483
18:40,265.4556383534903,-2.238511216125574
18:41,265.64941648557635,-2.395385711578078
18:42,265.84318407162436,-2.5523005752259973
18:43,266.03694401278267,-2.709254010551687
18:44,266.23069921320547,-2.8662442213865824
18:45,266.4244525800966,-3.0232694118247823
18:46,266.6182070237538,-3.1803277861364756
18:47,266.8119654576134,-3.337417548681146
18:48,267.0057307982949,-3.49453690382051
18:49,267.1995059656469,-3.651684055831419
18:50,267.3932938827925,-3.8088572088184103
18:51,267.58709747617536,-3.966054566626291
18:52,267.7809196756063,-4.123274332752015
18:53,267.9747634143098,-4.2805147102571866
18:54,268.16863162897096,-4.437773901679659
18:55,268.3625272597828,-4.5950501089452445
18:56,268.5564532504934,-4.752341533278962
18:57,268.7504125484538,-4.9096463751166945
18:58,268.94440810466574,-5.066962834015955
18:59,269.13844287382943,-5.224289108566852
19:00,269.3325198143917,-5.3816233963026825
19:01,269.526641888594,-5.5389638936104655
19:02,269.72081206252096,-5.696308795641122
19:03,269.91503330614853,-5.853656296219618
19:04,270.10930859339203,-6.01100458775473
19:05,270.30364090215505,-6.168351861148712
19:06,270.4980332143773,-6.325696305706817
19:07,270.69248851608285,-6.483036109046257
19:08,270.88700979742873,-6.640369457005594
19:09,271.08160005275283,-6.79769453355335
19:10,271.2762622806219,-6.955009520696656
19:11,271.47099948387915,-7.112312598389446
19:12,271.66581466969234,-7.2696019444410265
19:13,271.8607108496011,-7.426875734423776
19:14,272.0556910395642,-7.584132141580938
19:15,272.25075826000636,-7.741369336734241
19:16,272.44591553586537,-7.898585488191162
19:17,272.64116589663826,-8.055778761652043
19:18,272.8365123764273,-8.212947320117035
19:19,273.0319580139861,-8.370089323792783
19:20,273.2275058527647,-8.527202929998824
19:21,273.4231589409545,-8.684286293073988
19:22,273.6189203315328,-8.84133756428213
19:23,273.81479308230695,-8.998354891718357
19:24,274.01078025595757,-9.15533642021432
19:25,274.20688492008196,-9.312280291243834
19:26,274.403110147236,-9.469184642827653
19:27,274.59945901497645,-9.626047609438908
19:28,274.7959346059018,-9.782867321907514
19:29,274.9925400076929,-9.939641907324788
19:30,275.18927831315307,-10.096369488947717
19:31,275.3861526202467,-10.253048186103081
19:32,275.58316603213814,-10.409676114091234
19:33,275.780321657229,-10.566251384089824
19:34,275.9776226091949,-10.722772103057173
19:35,276.1750720070215,-10.87923637363555
19:36,276.3726729750396,-11.035642294054176
19:37,276.57042864295875,-11.191987958031792
19:38,276.7683421459008,-11.348271454679614
19:39,276.96641662443216,-11.504490868403419
19:40,277.16465522459447,-11.660644278805886
19:41,277.36306109793463,-11.816729760588215
19:42,277.5616374015342,-11.972745383452354
19:43,277.7603872980367,-12.128689212002167
19:44,277.959313955674,-12.284559305644928
19:45,278.15842054829244,-12.440353718492407
19:46,278.3577102553761,-12.596070499261863
19:47,278.55718626207005,-12.751707691176703
19:48,278.75685175920137,-12.907263331867119
19:49,278.95670994329953,-13.062735453270381
19:50,279.1567640166149,-13.218122081531064
19:51,279.3570171871356,-13.373421236901097
19:52,279.5574726686033,-13.52863093363925
19:53,279.75813368052724,-13.68374917991125
19:54,279.9590034481966,-13.838773977688884
19:55,280.16008520269116,-13.99370332264951
19:56,280.36138218089036,-14.148535204074841
19:57,280.5628976254806,-14.303267604750324
19:58,280.76463478496095,-14.457898500863736
19:59,280.9665969136463,-14.612425861903825
20:00,281.16878727166954,-14.766847650558864
20:01,281.37120912498096,-14.921161822614987
20:02,281.5738657453464,-15.07536632685448
20:03,281.7767604103426,-15.229459104953813
20:04,281.97989640335123,-15.383438091381628
20:05,282.18327701354985,-15.537301213296663
20:06,282.38690553590175,-15.691046390445477
20:07,282.59078527114207,-15.844671535059934
20:08,282.7949195257634,-15.998174551755024
20:09,282.9993116119974,-16.151553337426197
20:10,283.2039648477951,-16.304805781146776
20:11,283.40888255680323,-16.457929764065028
20:12,283.6140680683403,-16.610923159301816
20:13,283.819524717368,-16.763783831847512
20:14,284.0252558444606,-16.916509638459253
20:15,284.231264795772,-17.069098427557936
20:16,284.4375549229993,-17.221548039125413
20:17,284.64412958334424,-17.37385630460148
20:18,284.8509921394709,-17.526021046781004
20:19,285.0581459594611,-17.67804007971089
20:20,285.2655944167662,-17.829911208587255
20:21,285.4733408901563,-17.981632229652504
20:22,285.6813887636655,-18.133200930092364
20:23,285.88974142653484,-18.284615087933293
20:24,286.098402273151,-18.435872471939643
20:25,286.3073747029823,-18.58697084151105
20:26,286.5166621205104,-18.737907946579664
20:27,286.7262679351593,-18.88868152750803
20:28,286.9361955612204,-19.03928931498659
20:29,287.1464484177734,-19.189729029931463
20:30,287.35702992860416,-19.339998383382554
20:31,287.5679435221181,-19.490095076401502
20:32,287.77919263125006,-19.640016799970148
20:33,287.99078069336963,-19.789761234889028
20:34,288.20271115018323,-19.93932605167615
20:35,288.41498744763106,-20.088708910465893
20:36,288.62761303578054,-20.237907460908456
20:37,288.8405913687146,-20.38691934206906
20:38,289.0539259044168,-20.535742182328185
20:39,289.26762010465046,-20.68437359928146
20:40,289.48167743483424,-20.83281119964033
20:41,289.6961013639124,-20.98105257913256
20:42,289.9108953642211,-21.129095322404027
20:43,290.12606291134875,-21.276937002919944
20:44,290.3416074839923,-21.424575182867134
20:45,290.5575325638079,-21.57200741305654
20:46,290.77384163525704,-21.719231232826225
20:47,290.9905381854467,-21.86624416994495
20:48,291.2076257039648,-22.013043740516196
20:49,291.42510768271006,-22.15962744888284
20:50,291.64298761571604,-22.305992787532343
20:51,291.8612689989702,-22.452137237002646
20:52,292.07995533022665,-22.598058265788413
20:53,292.2990501088135,-22.743753330248555
20:54,292.5185568354341,-22.88921987451386
20:55,292.73847901196245,-23.034455330395666
20:56,292.95882014123214,-23.179457117295016
20:57,293.17958372681994,-23.32422264211326
20:58,293.40077327282194,-23.468749299162685
20:59,293.6223922836244,-23.613034470078542
21:00,293.8444442636673,-23.757075523731842
21:01,294.06693271720167,-23.900869816143032
21:02,294.28986114804036,-24.044414690396703
21:03,294.51323305930134,-24.187707476557353
21:04,294.7370519531451,-24.330745491586104
21:05,294.961321330504,-24.473526039258616
21:06,295.1860446908056,-24.616046410084124
21:07,295.41122553168714,-24.75830388122538
21:08,295.6368673487049,-24.900295716420423
21:09,295.86297363503434,-25.042019165904964
21:10,296.0895478811634,-25.1834714663365
21:11,296.31659357457767,-25.324649840719324
21:12,296.54411419943915,-25.465551498331678
21:13,296.7721132362555,-25.60617363465356
21:14,297.00059416154227,-25.74651343129649
21:15,297.2295604474768,-25.886568055934617
21:16,297.45901556154405,-26.026334662237524
21:17,297.68896296617424,-26.165810389804573
21:18,297.9194061183718,-26.304992364101007
21:19,298.1503484693361,-26.443877696395777
21:20,298.3817934640737,-26.582463483701137
21:21,298.61374454100144,-26.720746808714082
21:22,298.8462051315411,-26.8587247397597
21:23,299.07917865970546,-26.99639433073656
21:24,299.3126685416746,-27.13375262106404
21:25,299.546678185364,-27.27079663563168
21:26,299.78121098998207,-27.407523384750608
21:27,300.0162703455806,-27.543929864107636
21:28,300.2518596325936,-27.680013054720877
21:29,300.4879822213678,-27.815769922898273
21:30,300.7246414716836,-27.95119742019818
21:31,300.9618407322659,-28.086292483392562
21:32,301.1995833402855,-28.221052034432553
21:33,301.4378726208507,-28.355472980416813
21:34,301.6767118864886,-28.489552213562238
21:35,301.9161044366168,-28.623286611177647
21:36,302.1560535570048,-28.75667303564008
21:37,302.3965625192252,-28.889708334373964
21:38,302.6376345800948,-29.022389339833346
21:39,302.8792729811055,-29.15471286948698
21:40,303.1214809478441,-29.28667572580652
21:41,303.3642616894024,-29.418274696257697
21:42,303.6076183977766,-29.549506553295213
21:43,303.8515542472559,-29.68036805436023
21:44,304.0960723938004,-29.81085594188183
21:45,304.34117597440866,-29.940966943281538
21:46,304.58686810647407,-30.07069777098159
21:47,304.8331518871307,-30.200045122416665
21:48,305.0800303925884,-30.329005680049452
21:49,305.3275066774563,-30.45757611138984
21:50,305.57558377405627,-30.585753069018043
21:51,305.82426469172503,-30.713533190611678
21:52,306.0735524161049,-30.840913098976635
21:53,306.3234499084244,-30.967889402082562
21:54,306.57396010476697,-31.094458693101952
21:55,306.8250859153294,-31.220617550453944
21:56,307.07683022366786,-31.346362537851967
21:57,307.3291958859353,-31.471690204356737
21:58,307.58218573010515,-31.59659708443267
21:59,307.83580255518575,-31.721079698009838
22:00,308.0900491304231,-31.845134550550046
22:01,308.34492819449287,-31.968758133118175
22:02,308.6004424546811,-32.0919469224579
22:03,308.85659458605465,-32.214697381072995
22:04,309.1133872306199,-32.337005957313096
22:05,309.37082299647136,-32.45886908546512
22:06,309.6289044569297,-32.58028318584978
22:07,309.8876341496675,-32.70124466492316
22:08,310.14701457582726,-32.82174991538435
22:09,310.4070481991257,-32.941795316288
22:10,310.66773744495055,-33.06137723316294
22:11,310.9290846994441,-33.18049201813605
22:12,311.19109230857975,-33.299136010062625
22:13,311.45376257722575,-33.41730553466191
22:14,311.7170977682006,-33.53499690465916
22:15,311.98110010131757,-33.65220641993346
22:16,312.2457717524212,-33.76893036767198
22:17,312.5111148524121,-33.885165022530195
22:18,312.77713148626424,-34.00090664679887
22:19,313.0438236920323,-34.11615149057698
22:20,313.31119345985024,-34.230895791951745
22:21,313.57924273092135,-34.34513577718477
22:22,313.84797339649896,-34.45886766090515
22:23,314.11738729686016,-34.572087646309456
22:24,314.38748622027055,-34.684791925368486
22:25,314.6582719019415,-34.79697667904092
22:26,314.92974602297926,-34.90863807749406
22:27,315.2019102093285,-35.01977228033203
22:28,315.47476603070686,-35.130375436830654
22:29,315.74831499953416,-35.24044368618006
22:30,316.02255856985465,-35.34997315773442
22:31,316.2974981362538,-35.45895997126936
22:32,316.57313503276885,-35.567400237246616
22:33,316.8494705317944,-35.67529005708663
22:34,317.12650584298274,-35.78262552344847
22:35,317.4042421121403,-35.88940272051784
22:36,317.68268042011914,-35.9956177243026
22:37,317.961821781705,-36.10126660293633
22:38,318.24166714450223,-36.20634541698978
22:39,318.5222173878158,-36.310850219790446
22:40,318.8034733215306,-36.41477705774993
22:41,319.0854356849886,-36.51812197069953
22:42,319.3681051458659,-36.62088099223428
22:43,319.65148229904673,-36.723050150064616
22:44,319.9355676654987,-36.824625466376865
22:45,320.2203616911472,-36.925602958201644
22:46,320.50586474575107,-37.02597863779081
22:47,320.79207712177856,-37.12574851300257
22:48,321.078999033286,-37.224908587695296
22:49,321.3666306147981,-37.32345486212943
22:50,321.65497192019177,-37.42138333337811
22:51,321.94402292158276,-37.51868999574603
22:52,322.233783508217,-37.61537084119696
22:53,322.5242534853668,-37.71142185978975
22:54,322.8154325732322,-37.80683904012271
22:55,323.1073204058491,-37.90161836978661
22:56,323.3999165300029,-37.995755835826
22:57,323.6932204041516,-38.08924742520941
22:58,323.98723139735523,-38.182089125307485
22:59,324.2819487882159,-38.27427692438004
23:00,324.5773717638263,-38.36580681207127
23:01,324.8734994187296,-38.45667477991353
23:02,325.17033075388963,-38.54687682183932
23:03,325.4678646756744,-38.63640893470173
23:04,325.76609999485083,-38.72526711880317
23:05,326.0650354255946,-38.81344737843219
23:06,326.3646695845131,-38.900945722408636
23:07,326.6650009896844,-38.98775816463676
23:08,326.9660280597123,-39.073880724666516
23:09,327.2677491127977,-39.159309428262695
23:10,327.5701623658282,-39.24404030798205
23:11,327.8732659334855,-39.32806940375788
23:12,328.177057827374,-39.411392763492884
23:13,328.48153595516726,-39.49400644365902
23:14,328.78669811977795,-39.575906509905174
23:15,329.09254201854776,-39.65708903767197
23:16,329.39906524246254,-39.737550112814084
23:17,329.70626527538883,-39.81728583222925
23:18,330.0141394933371,-39.896292304494686
23:19,330.3226851637493,-39.97456565050983
23:20,330.63189944481394,-40.05210200414628
23:21,330.9417793848073,-40.12889751290368
23:22,331.25232192146404,-40.204948338572244
23:23,331.5635238813767,-40.280250657901476
23:24,331.8753819794248,-40.35480066327463
23:25,332.1878928182357,-40.42859456338907
23:26,332.50105288767577,-40.50162858394211
23:27,332.8148585643767,-40.57389896832246
23:28,333.12930611129303,-40.64540197830651
23:29,333.4443916772953,-40.71613389475971
23:30,333.7601112967983,-40.786091018342596
23:31,334.0764608894256,-40.855269670221446
23:32,334.3934362597105,-40.92366619278283
23:33,334.71103309683554,-40.991276950352415
23:34,335.02924697440983,-41.058098329917364
23:35,335.34807335028665,-41.12412674185221
23:36,335.6675075664205,-41.189358620647866
23:37,335.9875448487652,-41.25379042564349
23:38,336.3081803072143,-41.31741864176116
23:39,336.6294089355832,-41.380239780242555
23:40,336.9512256116349,-41.44225037938791
23:41,337.27362509714885,-41.50344700529641
23:42,337.5966020380357,-41.56382625260836
23:43,337.9201509644954,-41.62338474524798
23:44,338.2442662912226,-41.6821191371673
23:45,338.56894231765745,-41.74002611309017
23:46,338.8941732282839,-41.79710238925667
23:47,339.2199530929748,-41.85334471416691
23:48,339.5462758673859,-41.90874986932455
23:49,339.873135393397,-41.963314669978985
23:50,340.20052539960386,-42.01703596586656
23:51,340.5284395018574,-42.06991064194988
23:52,340.8568712038536,-42.121935619154975
23:53,341.18581389777387,-42.17310785510637
23:54,341.51526086497506,-42.223424344859055
23:55,341.8452052767302,-42.27288212162731
23:56,342.1756401950199,-42.321478257510066
23:57,342.50655857337625,-42.36920986421226
23:58,342.83795325777567,-42.41607409376181
23:59,343.16981698758485,-42.462068139221955