time,azimuth,altitude
0:00,338.35352844518513,-58.3765537729431
0:01,338.78593301400133,-58.434044056047625
0:02,339.21956987413694,-58.490425741481545
0:03,339.6544216219961,-58.54569246260843
0:04,340.09047036640357,-58.59983793523561
0:05,340.52769773036164,-58.652855960570584
0:06,340.9660848532263,-58.704740428175754
0:07,341.4056123933065,-58.75548531891793
0:08,341.8462605308929,-58.80508470790993
0:09,342.2880089717204,-58.853532767441244
0:10,342.7308369508703,-58.90082376989463
0:11,343.1747232371139,-58.94695209064585
0:12,343.6196461377036,-58.99191221094315
0:13,344.06558350361075,-59.0356987207634
0:14,344.5125127352143,-59.078306321641996
0:15,344.9604107884404,-59.11972982947272
0:16,345.40925418135436,-59.15996417727527
0:17,345.8590190012022,-59.19900441792615
0:18,346.30968091190164,-59.236845726850376
0:19,346.76121516198316,-59.27348340467101
0:20,347.2135965929726,-59.30891287981222
0:21,347.6667996482166,-59.34312971105376
0:22,348.12079838214436,-59.3761295900332
0:23,348.57556646995886,-59.40790834369254
0:24,349.03107721775507,-59.43846193666655
0:25,349.4873035730543,-59.46778647360932
0:26,349.9442181357484,-59.49587820145623
0:27,350.40179316944545,-59.522733511618156
0:28,350.86000061320624,-59.54834894210512
0:29,351.31881209366264,-59.57272117957649
0:30,351.7781989375037,-59.59584706131476
0:31,352.2381321843222,-59.617723577120536
0:32,352.69858259980384,-59.638347871125816
0:33,353.1595206892477,-59.65771724352297
0:34,353.6209167114064,-59.67582915220736
0:35,354.0827406926244,-59.692681214330946
0:36,354.5449624412661,-59.708271207764746
0:37,355.00755156241166,-59.72259707246806
0:38,355.47047747280664,-59.73565691176251
0:39,355.9337094160477,-59.747448993509046
0:40,356.3972164779848,-59.75797175118612
0:41,356.86096760232294,-59.76722378486751
0:42,357.3249316064034,-59.775203862098515
0:43,357.7890771971454,-59.78191091866877
0:44,358.2533729871286,-59.78734405928119
0:45,358.71778751079455,-59.79150255811535
0:46,359.1822892407506,-59.79438585928515
0:47,359.6468466041503,-59.795993577189485
0:48,0.11142799913281465,-59.79632549675574
0:49,0.5760018113013246,-59.79538157357579
0:50,1.0405364302142175,-59.7931619339339
0:51,1.5050002658747133,-59.789666874727075
0:52,1.9693617651912234,-59.78489686327742
0:53,2.4335894283925086,-59.77885253703715
0:54,2.897651825373572,-59.77153470318659
0:55,3.361517611952621,-59.76294433812564
0:56,3.8251555460184363,-59.753082586859676
0:57,4.288534503547822,-59.74195076228062
0:58,4.7516234944722555,-59.72955034434438
0:59,5.214391678376359,-59.71588297914586
1:00,5.676808380004928,-59.70095047789258
1:01,6.138843104565154,-59.68475481577908
1:02,6.6004655528000455,-59.66729813076308
1:03,7.061645635818792,-59.64858272224552
1:04,7.522353489666756,-59.62861104965639
1:05,7.982559489615852,-59.60738573094826
1:06,8.44223426416275,-59.58490954099968
1:07,8.901348708715716,-59.56118540993096
1:08,9.359873998959955,-59.53621642133417
1:09,9.817781603882736,-59.51000581042066
1:10,10.275043298449134,-59.4825569620877
1:11,10.731631175912867,-59.453873408907825
1:12,11.187517659753013,-59.42395882904309
1:13,11.642675515224568,-59.392817044087
1:14,12.097077860512059,-59.360452016837705
1:15,12.550698177478807,-59.326867849004444
1:16,13.003510322002342,-59.292068778851075
1:17,13.4554885338882,-59.256059178779445
1:18,13.90660744635673,-59.218843552855574
1:19,14.35684209509563,-59.18042653428204
1:20,14.806167926872945,-59.14081288281989
1:21,15.254560807710106,-59.10000748216254
1:22,15.701997030604957,-59.058015337266134
1:23,16.14845332280936,-59.01484157163816
1:24,16.593906852654328,-58.9704914245888
1:25,17.038335235925075,-58.92497024844751
1:26,17.48171654178398,-58.878283505748286
1:27,17.924029298243454,-58.83043676638681
1:28,18.36525249718852,-58.78143570475263
1:29,18.805365598953472,-58.73128609683977
1:30,19.244348536453117,-58.67999381733826
1:31,19.68218171887338,-58.627564836710626
1:32,20.118846034925156,-58.57400521825549
1:33,20.554322855666527,-58.51932111516188
1:34,20.98859403689829,-58.46351876755683
1:35,21.421641921137677,-58.406604499549466
1:36,21.853449339180997,-58.34858471627409
1:37,22.283999611255325,-58.289465900935404
1:38,22.713276547773972,-58.22925461185817
1:39,23.14126444969793,-58.16795747954436
1:40,23.567948108515935,-58.10558120373989
1:41,23.993312805848774,-58.04213255051394
1:42,24.417344312688982,-57.97761834935274
1:43,24.84002888828428,-57.91204549027068
1:44,25.261353278675756,-57.84542092094037
1:45,25.681304714899454,-57.77775164384445
1:46,26.09987091086225,-57.709044713450766
1:47,26.5170400609027,-57.639307233413106
1:48,26.93280083704775,-57.56854635379939
1:49,27.34714238597573,-57.496769268348814
1:50,27.76005432569542,-57.42398321176046
1:51,28.17152674195634,-57.35019545701388
1:52,28.58155018439581,-57.275413312724275
1:53,28.990115662438512,-57.19964412053306
1:54,29.39721464095726,-57.1228952525354
1:55,29.80283903570779,-57.045174108746025
1:56,30.206981208547006,-56.96648811460449
1:57,30.6096339624483,-56.88684471852092
1:58,31.010790536321707,-56.806251389463604
1:59,31.410444599654113,-56.72471561458861
2:00,31.808590246976507,-56.642244896913326
2:01,32.205221992170834,-56.55884675303399
2:02,32.60033476262831,-56.47452871088789
2:03,32.99392389326684,-56.3892983075615
2:04,33.38598512042094,-56.30316308714426
2:05,33.77651457561103,-56.216130598629356
2:06,34.165508779206505,-56.128208393860966
2:07,34.55296463398764,-56.03940402552918
2:08,34.93887941861914,-55.94972504521234
2:09,35.323250781042844,-55.85917900146734
2:10,35.70607673180086,-55.76777343796742
2:11,36.08735563729496,-55.67551589168861
2:12,36.467086212994076,-55.58241389114362
2:13,36.84526751659524,-55.48847495466422
2:14,37.22189894114959,-55.39370658873119
2:15,37.59698020815782,-55.29811628635225
2:16,37.970511360644366,-55.20171152548763
2:17,38.34249275621889,-55.10449976752294
2:18,38.712925060129464,-55.00648845578923
2:19,39.081809238316424,-54.907685014129754
2:20,39.449146550472136,-54.80809684551339
2:21,39.81493854311478,-54.70773133069372
2:22,40.179187042679644,-54.60659582691412
2:23,40.54189414863583,-54.50469766665783
2:24,40.90306222663256,-54.40204415644272
2:25,41.2626939016819,-54.29864257566004
2:26,41.62079205138008,-54.19450017545719
2:27,41.97735979917644,-54.08962417766282
2:28,42.332400507689044,-53.98402177375516
2:29,42.685917772077204,-53.87770012387131
2:30,43.03791541346996,-53.77066635585822
2:31,43.388397472456234,-53.66292756436418
2:32,43.73736820264173,-53.55449080996968
2:33,44.084832064272575,-53.44536311835783
2:34,44.43079371793226,-53.33555147952292
2:35,44.77525801831098,-53.22506284701703
2:36,45.118230008055036,-53.113904137233106
2:37,45.459714911693425,-53.00208222872473
2:38,45.79971812964749,-52.88960396156118
2:39,46.138245232324294,-52.776476136717385
2:40,46.4753019542965,-52.662705515497706
2:41,46.810894188568625,-52.548298818993246
2:42,47.145027980934,-52.43326272757124
2:43,47.4777095244207,-52.317603880396845
2:44,47.80894515383065,-52.20132887498518
2:45,48.13874134037064,-52.084444266784026
2:46,48.46710468637713,-51.96695656878609
2:47,48.794041920135754,-51.84887225116962
2:48,49.119559890795614,-51.7301977409674
2:49,49.44366556337974,-51.61093942176258
2:50,49.76636601388989,-51.491103633411576
2:51,50.08766842451013,-51.37069667179192
2:52,50.40758007890412,-51.249724788575925
2:53,50.726108357610116,-51.128194191028236
2:54,51.04326073353178,-51.00611104182716
2:55,51.35904476752515,-50.8834814589088
2:56,51.67346810408114,-50.76031151533341
2:57,51.98653846710391,-50.63660723917335
2:58,52.29826365578316,-50.51237461342199
2:59,52.60865154056205,-50.38761957592235
3:00,52.917710059198214,-50.26234801931577
3:01,53.22544721291784,-50.13656579100923
3:02,53.5318710626626,-50.01027869316082
3:03,53.836989725427415,-49.883492482683145
3:04,54.14081137069006,-49.7562128712632
3:05,54.44334421692878,-49.6284455253995
3:06,54.74459652823137,-49.50019606645388
3:07,55.04457661098961,-49.3714700707195
3:08,55.343292810681874,-49.242273069503064
3:09,55.640753508741014,-49.11261054922129
3:10,55.93696711950717,-48.982487951510706
3:11,56.23194208726369,-48.851910673350844
3:12,56.52568688335572,-48.72088406719949
3:13,56.81821000338903,-48.5894134411406
3:14,57.1095199645102,-48.45750405904282
3:15,57.39962530276394,-48.325161140729755
3:16,57.688534570528645,-48.19238986216051
3:17,57.97625633402757,-48.05919535562028
3:18,58.262799170915,-47.92558270992063
3:19,58.54817166793622,-47.7915569706088
3:20,58.8323824186583,-47.657123140186336
3:21,59.11544002127417,-47.52228617833507
3:22,59.39735307647372,-47.38705100215202
3:23,59.678130185384646,-47.25142248639125
3:24,59.95777994757968,-47.115405463713145
3:25,60.23631095914942,-46.97900472494038
3:26,60.513731810839545,-46.84222501932034
3:27,60.7900510862509,-46.70507105479346
3:28,61.065277360100765,-46.56754749826783
3:29,61.33941919654538,-46.42965897589846
3:30,61.612485147560804,-46.29141007337214
3:31,61.88448375138137,-46.15280533619688
3:32,62.15542353099518,-46.01384926999595
3:33,62.42531299269419,-45.874546340806
3:34,62.69416062467883,-45.734900975378906
3:35,62.96197489571409,-45.59491756148797
3:36,63.22876425383903,-45.45460044823616
3:37,63.49453712512427,-45.31395394636894
3:38,63.759301912480396,-45.172982328588745
3:39,64.0230669945125,-45.03168982987293
3:40,64.28584072442278,-44.89008064779358
3:41,64.54763142895773,-44.74815894283969
3:42,64.80844740739988,-44.60592883874125
3:43,65.0682969306027,-44.46339442279522
3:44,65.32718824006774,-44.320559746192764
3:45,65.58512954706273,-44.17742882434803
3:46,65.84212903177922,-44.03400563722811
3:47,66.09819484252947,-43.89029412968393
3:48,66.35333509498096,-43.74629821178192
3:49,66.60755787142794,-43.60202175913633
3:50,66.86087122009768,-43.45746861324249
3:51,67.11328315449353,-43.31264258180936
3:52,67.36480165276944,-43.16754743909355
3:53,67.6154346571394,-43.0221869262323
3:54,67.86519007331697,-42.876564751577284
3:55,68.11407576998728,-42.730684591027504
3:56,68.36209957830829,-42.58455008836225
3:57,68.60926929144156,-42.4381648555735
3:58,68.85559266411113,-42.29153247319777
3:59,69.10107741219026,-42.14465649064735
4:00,69.34573121231477,-41.99754042654052
4:01,69.58956170152187,-41.85018776903127
4:02,69.83257647691455,-41.70260197613786
4:03,70.07478309534987,-41.55478647607032
4:04,70.31618907315135,-41.40674466755672
4:05,70.5568018858432,-41.258479920168675
4:06,70.7966289679079,-41.109995574644834
4:07,71.03567771256407,-40.961294943213595
4:08,71.27395547156556,-40.81238130991415
4:09,71.51146955502027,-40.66325793091618
4:10,71.74822723122882,-40.51392803483753
4:11,71.98423572654121,-40.36439482306093
4:12,72.21950222523219,-40.21466147004849
4:13,72.45403386939347,-40.06473112365493
4:14,72.68783775884347,-39.91460690543849
4:15,72.9209209510532,-39.76429191097033
4:16,73.1532904610873,-39.61378921014221
4:17,73.38495326156085,-39.46310184747196
4:18,73.61591628261067,-39.312232842407106
4:19,73.84618641188077,-39.161185189626465
4:20,74.07577049452071,-39.00996185934019
4:21,74.30467533319859,-38.858565797586664
4:22,74.53290768812494,-38.706999926528596
4:23,74.76047427709013,-38.55526714474605
4:24,74.98738177551212,-38.40337032752812
4:25,75.21363681649704,-38.25131232716164
4:26,75.43924599090899,-38.09909597321852
4:27,75.66421584745149,-37.946724072840205
4:28,75.88855289275787,-37.79419941102063
4:29,76.11226359149214,-37.64152475088621
4:30,76.33535436645862,-37.488702833974074
4:31,76.55783159871996,-37.335736380508195
4:32,76.77970162772444,-37.1826280896727
4:33,77.00097075144072,-37.02938063988347
4:34,77.2216452265008,-36.87599668905708
4:35,77.44173126834954,-36.72247887487796
4:36,77.66123505140257,-36.56882981506252
4:37,77.88016270920981,-36.415052107621754
4:38,78.09852033462595,-36.26114833112114
4:39,78.31631397998683,-36.10712104493846
4:40,78.53354965729237,-35.95297278951902
4:41,78.75023333839377,-35.798706086629146
4:42,78.96637095518778,-35.64432343960668
4:43,79.18196839981408,-35.489827333610066
4:44,79.39703152485909,-35.33522023586436
4:45,79.61156614356369,-35.180504595905276
4:46,79.82557803003473,-35.02568284582134
4:47,80.03907291946172,-34.870757400493126
4:48,80.25205650833628,-34.71573065783084
4:49,80.4645344546761,-34.560604999009165
4:50,80.67651237825136,-34.40538278870061
4:51,80.88799586081568,-34.25006637530556
4:52,81.0989904463388,-34.094658091181124
4:53,81.3095016412428,-33.93916025286727
4:54,81.51953491464079,-33.78357516131099
4:55,81.72909569857812,-33.62790510208795
4:56,81.93818938827552,-33.47215234562264
4:57,82.14682134237512,-33.316319147405544
4:58,82.35499688318738,-33.160407748209
4:59,82.56272129694095,-33.004420374300196
5:00,82.76999983403347,-32.84835923765246
5:01,82.97683770928373,-32.69222653615468
5:02,83.1832401021859,-32.536024453817994
5:03,83.38921215716425,-32.379755160981134
5:04,83.5947589838297,-32.22342081451294
5:05,83.79988565723633,-32.067023558013844
5:06,84.00459721813989,-31.910565522014256
5:07,84.20889867325623,-31.7540488241717
5:08,84.4127949955206,-31.597475569465693
5:09,84.61629112434731,-31.44084785039079
5:10,84.81939196589032,-31.2841677471473
5:11,85.02210239330306,-31.12743732783071
5:12,85.2244272469999,-30.970658648618368
5:13,85.42637133491601,-30.813833753955254
5:14,85.62793943276884,-30.656964676736905
5:15,85.82913628431847,-30.500053438491005
5:16,86.02996660162822,-30.343102049557096
5:17,86.23043506532497,-30.18611250926417
5:18,86.43054632485877,-30.029086806107006
5:19,86.63030499876302,-29.8720269179198
5:20,86.8297156749126,-29.71493481204926
5:21,87.02878291078332,-29.557812445524537
5:22,87.22751123370925,-29.400661765226467
5:23,87.42590514114013,-29.243484708054662
5:24,87.62396910089782,-29.08628320109291
5:25,87.82170755143196,-28.92905916177291
5:26,88.01912490207482,-28.771814498036335
5:27,88.21622553329534,-28.614551108495142
5:28,88.41301379695166,-28.457270882590585
5:29,88.60949401654365,-28.299975700749943
5:30,88.80567048746339,-28.142667434542265
5:31,89.00154747724508,-27.985347946832235
5:32,89.19712922581367,-27.82801909193247
5:33,89.39241994573209,-27.670682715754445
5:34,89.58742382244799,-27.513340655957304
5:35,89.7821450145377,-27.3559947420963
5:36,89.976587653951,-27.198646795768116
5:37,90.1707558462526,-27.041298630756152
5:38,90.36465367086316,-26.88395205317364
5:39,90.55828518129904,-26.72660886160523
5:40,90.7516544054101,-26.569270847247427
5:41,90.94476534561635,-26.411939794047505
5:42,91.13762197914326,-26.25461747884075
5:43,91.33022825825475,-26.097305671486957
5:44,91.52258811048574,-25.940006135004744
5:45,91.71470543887243,-25.782720625704968
5:46,91.90658412218113,-25.62545089332273
5:47,92.09822801513549,-25.468198681148042
5:48,92.28964094864206,-25.3109657261551
5:49,92.48082673001457,-25.153753759130137
5:50,92.67178914319543,-24.99656450479867
5:51,92.86253194897725,-24.839399681950262
5:52,93.05305888522119,-24.682261003563124
5:53,93.24337366707428,-24.525150176926918
5:54,93.43347998718482,-24.368068903764485
5:55,93.623381515916,-24.21101888035243
5:56,93.81308190155809,-24.05400179764012
5:57,94.0025847705385,-23.897019341367972
5:58,94.19189372762966,-23.740073192184635
5:59,94.38101235615665,-23.583165025762067
6:00,94.56994421820107,-23.426296512910692
6:01,94.75869285480454,-23.269469319692632
6:02,94.94726178616963,-23.1126851075341
6:03,95.13565451185934,-22.955945533336624
6:04,95.32387451099473,-22.799252249587024
6:05,95.51192524245005,-22.642606904466906
6:06,95.69981014504735,-22.48601114196005
6:07,95.88753263774818,-22.329466601959528
6:08,96.07509611984345,-22.17297492037381
6:09,96.26250397114208,-22.01653772923125
6:10,96.4497595521573,-21.860156656784067
6:11,96.63686620429135,-21.70383332761094
6:12,96.82382725001797,-21.547569362719038
6:13,97.01064599306326,-21.39136637964474
6:14,97.19732571858498,-21.235225992553215
6:15,97.3838696933493,-21.079149812337484
6:16,97.57028116590624,-20.923139446716206
6:17,97.75656336676279,-20.767196500330794
6:18,97.9427195085549,-20.611322574840916
6:19,98.12875278621651,-20.455519269020165
6:20,98.31466637714753,-20.299788178849912
6:21,98.50046344137981,-20.144130897612552
6:22,98.68614712174117,-19.988549015983732
6:23,98.87172054401734,-19.833044122124058
6:24,99.05718681711232,-19.6776178017695
6:25,99.2425490332067,-19.522271638321264
6:26,99.42781026791441,-19.367007212934354
6:27,99.61297358043723,-19.211826104605766
6:28,99.7980420137172,-19.056729890261913
6:29,99.98301859458843,-18.901720144844276
6:30,100.16790633392546,-18.74679844139548
6:31,100.35270822679074,-18.5919663511437
6:32,100.53742725257986,-18.437225443586758
6:33,100.72206637516538,-18.282577286574817
6:34,100.90662854303812,-18.128023446393073
6:35,101.09111668944705,-17.973565487843107
6:36,101.2755337325375,-17.819204974323473
6:37,101.45988257548721,-17.66494346790966
6:38,101.64416610664034,-17.51078252943357
6:39,101.82838719964032,-17.356723718561607
6:40,102.01254871356022,-17.20276859387254
6:41,102.1966534930317,-17.04891871293439
6:42,102.38070436837197,-16.89517563238058
6:43,102.56470415570867,-16.74154090798569
6:44,102.74865565710371,-16.588016094739785
6:45,102.93256166067445,-16.434602746922764
6:46,103.11642494071347,-16.28130241817755
6:47,103.30024825780639,-16.128116661582922
6:48,103.48403435894838,-15.975047029724978
6:49,103.6677859776579,-15.822095074768919
6:50,103.85150583408945,-15.669262348529355
6:51,104.03519663514432,-15.516550402540137
6:52,104.21886107457964,-15.363960788123446
6:53,104.40250183311524,-15.211495056458531
6:54,104.58612157853905,-15.059154758649537
6:55,104.76972296581076,-14.906941445792535
6:56,104.95330863716376,-14.754856669042058
6:57,105.13688122220478,-14.60290197967716
6:58,105.32044333801228,-14.451078929166632
6:59,105.50399758923328,-14.299389069233236
7:00,105.68754656817765,-14.147833951918
7:01,105.87109285491118,-13.996415129643477
7:02,106.05463901734694,-13.845134155276245
7:03,106.23818761133454,-13.693992582189075
7:04,106.42174118074806,-13.54299196432224
7:05,106.60530225757164,-13.392133856244529
7:06,106.78887336198395,-13.241419813213213
7:07,106.97245700244098,-13.09085139123339
7:08,107.156055675756,-12.940430147117464
7:09,107.33967186717922,-12.790157638542988
7:10,107.52330805047464,-12.640035424110694
7:11,107.706966687996,-12.490065063401277
7:12,107.89065023076029,-12.340248117032129
7:13,108.07436111851968,-12.190586146713338
7:14,108.25810177983237,-12.041080715302641
7:15,108.44187463213098,-11.89173338686034
7:16,108.62568208178925,-11.742545726703456
7:17,108.80952652418772,-11.593519301459104
7:18,108.993410343777,-11.444655679117373
7:19,109.17733591413953,-11.295956429083757
7:20,109.36130559804961,-11.147423122230975
7:21,109.54532174753197,-10.999057330949904
7:22,109.72938670391852,-10.850860629200067
7:23,109.91350279790302,-10.702834592559926
7:24,110.09767234959465,-10.554980798275931
7:25,110.2818976685694,-10.407300825311495
7:26,110.46618105392024,-10.25979625439499
7:27,110.65052479430503,-10.112468668067605
7:28,110.83493116799303,-9.96531965073034
7:29,111.01940244291013,-9.818350788690108
7:30,111.20394087668159,-9.671563670205945
7:31,111.38854871667354,-9.524959885534205
7:32,111.57322820003293,-9.378541026973094
7:33,111.75798155372553,-9.232308688906869
7:34,111.94281099457234,-9.08626446784924
7:35,112.1277187292842,-8.9404099624865
7:36,112.31270695449491,-8.794746773719652
7:37,112.49777785679305,-8.649276504705925
7:38,112.68293361275083,-8.504000760900459
7:39,112.86817638895282,-8.358921150096336
7:40,113.05350834202191,-8.214039282464892
7:41,113.23893161864433,-8.0693567705947
7:42,113.42444835559246,-7.924875229530554
7:43,113.61006067974589,-7.780596276811836
7:44,113.79577070811186,-7.636521532509422
7:45,113.98158054784254,-7.4926526192632705
7:46,114.16749229625178,-7.3489911623183755
7:47,114.35350804082962,-7.205538789560671
7:48,114.53962985925553,-7.0622971315520005
7:49,114.72585981940958,-6.919267821564712
7:50,114.91219997938185,-6.776452495615771
7:51,115.09865238748125,-6.633852792499542
7:52,115.28521908224126,-6.491470353820778
7:53,115.47190209242487,-6.349306824026554
7:54,115.65870343702764,-6.207363850437677
7:55,115.84562512527907,-6.065643083279461
7:56,116.03266915664256,-5.924146175711714
7:57,116.21983752081323,-5.782874783858451
7:58,116.40713219771422,-5.641830566836822
7:59,116.59455515749234,-5.501015186784729
8:00,116.78210836051026,-5.36043030888912
8:01,116.96979375733854,-5.220077601412432
8:02,117.15761328874537,-5.0799587357189955
8:03,117.34556888568471,-4.940075386300597
8:04,117.53366246928313,-4.800429230801315
8:05,117.72189595082412,-4.661021950042115
8:06,117.9102712317321,-4.521855228043934
8:07,118.09879020355376,-4.382930752050832
8:08,118.28745474793794,-4.244250212552263
8:09,118.47626673661415,-4.105815303304483
8:10,118.66522803136917,-3.967627721351549
8:11,118.85434048402236,-3.829689167045174
8:12,119.04360593639908,-3.692001344064363
8:13,119.23302622030204,-3.5545659594343615
8:14,119.42260315748243,-3.4173847235440533
8:15,119.61233855960762,-3.280459350163874
8:16,119.80223422822871,-3.1437915564620167
8:17,119.9922919547455,-3.00738306302044
8:18,120.18251352037046,-2.8712355938498355
8:19,120.37290069609082,-2.73535087640407
8:20,120.56345524262858,-2.59973064159404
8:21,120.75417891040013,-2.4643766238000495
8:22,120.94507343947305,-2.3292905608842416
8:23,121.13614055952195,-2.1944741942018773
8:24,121.32738198978245,-2.059929268611863
8:25,121.51879943900347,-1.9256575324866931
8:26,121.71039460539876,-1.7916607377210672
8:27,121.90216917659544,-1.6579406397405547
8:28,122.09412482958172,-1.524498997508958
8:29,122.28626323065382,-1.3913375735344953
8:30,122.4785860353596,-1.258458133876059
8:31,122.67109488844204,-1.1258624481480164
8:32,122.86379142378041,-0.993552289524389
8:33,123.05667726433015,-0.8615294347421826
8:34,123.24975402206135,-0.7297956641038024
8:35,123.4430232978948,-0.5983527614790123
8:36,123.63648668163799,-0.4672025143052709
8:37,123.83014575191842,-0.3363467135878751
8:38,124.0240020761154,-0.2057871538991142
8:39,124.21805721029101,-0.07552563337630393
8:40,124.41231269911876,0.05443604628072032
8:41,124.60677007581162,0.18409607981350176
8:42,124.80143086204751,0.31345265840912556
8:43,124.99629656789389,0.44250396970562833
8:44,125.19136869173124,0.5712481977986502
8:45,125.38664872017398,0.6996835232481834
8:46,125.58213812799085,0.827808123087041
8:47,125.77783837802338,0.9556201708297767
8:48,125.97375092110319,1.083117836482869
8:49,126.16987719596737,1.2102992865555076
8:50,126.36621862917269,1.3371626840715458
8:51,126.56277663500876,1.4637061885826164
8:52,126.75955261540906,1.5899279561818112
8:53,126.95654795986104,1.715826139518614
8:54,127.15376404531459,1.8413988878147636
8:55,127.35120223608911,1.966644346880946
8:56,127.5488638837798,2.0915606591350557
8:57,127.74675032716146,2.216145963620635
8:58,127.9448628920915,2.3403983960268033
8:59,128.14320289141253,2.46431608870962
9:00,128.34177162485187,2.5878971707136005
9:01,128.54057037892107,2.711139767794946
9:02,128.7396004268134,2.834042002445466
9:03,128.93886302830094,2.956601993918022
9:04,129.13835942962882,3.078817858252215
9:05,129.3380908634102,3.2006877083022207
9:06,129.53805854851842,3.3222096537648262
9:07,129.73826368997877,3.4433818012090787
9:08,129.93870747885867,3.564202254106714
9:09,130.1393910921567,3.684669112863874
9:10,130.3403156926907,3.8047804748540104
9:11,130.5414824289847,3.9245344344517252
9:12,130.74289243515412,4.0439290830678525
9:13,130.9445468307909,4.162962509185727
9:14,131.14644672084643,4.28163279839843
9:15,131.34859319551416,4.399938033447377
9:16,131.550987330111,4.517876294262068
9:17,131.75363018495742,4.635445658000739
9:18,131.95652280525707,4.752644199092819
9:19,132.15966622097437,4.869469989281492
9:20,132.3630614467126,4.985921097668754
9:21,132.56670948158995,5.1019955907607235
9:22,132.77061130911488,5.217691532514519
9:23,132.9747678970609,5.333006984386354
9:24,133.17918019734003,5.447940005380702
9:25,133.3838491458759,5.562488652100924
9:26,133.5887756624757,5.6766509788010024
9:27,133.79396065070145,5.790425037438424
9:28,133.9994049977404,5.903808877728518
9:29,134.20510957427476,6.016800547199778
9:30,134.41107523435096,6.129398091250873
9:31,134.6173028152478,6.241599553208436
9:32,134.82379313734435,6.3534029743864675
9:33,135.0305470039872,6.464806394147022
9:34,135.2375652013563,6.575807849961642
9:35,135.44484849833177,6.686405377475071
9:36,135.6523976463588,6.7965970105692195
9:37,135.86021337931317,6.9063807814293385
9:38,136.0682964133652,7.01575472061071
9:39,136.27664744684398,7.124716857107129
9:40,136.48526716010136,7.233265218420669
9:41,136.69415621537507,7.341397830632599
9:42,136.9033152566519,7.449112718475706
9:43,137.11274490953042,7.5564079054079825
9:44,137.3224457810835,7.663281413687531
9:45,137.53241845972067,7.769731264448929
9:46,137.74266351505045,7.8757554777809196
9:47,137.9531814977421,7.981352072805267
9:48,138.16397293938815,8.086519067757335
9:49,138.37503835236555,8.191254480067393
9:50,138.58637822969837,8.29555632644403
9:51,138.79799304491928,8.399422622958227
9:52,139.00988325193205,8.502851385129357
9:53,139.22204928487335,8.605840628011972
9:54,139.43449155797532,8.708388366284474
9:55,139.6472104654282,8.81049261433876
9:56,139.8602063812432,8.91215138637146
9:57,140.0734796591155,9.013362696476364
9:58,140.287030632288,9.1141245587383
9:59,140.50085961341503,9.214434987328294
10:00,140.7149668944268,9.314291996600168
10:01,140.92935274639444,9.41369360118852
10:02,141.1440174193952,9.512637816107837
10:03,141.35896114237886,9.611122656853334
10:04,141.5741841230335,9.709146139502511
10:05,141.78968654765396,9.80670628081892
10:06,142.0054685810092,9.903801098356446
10:07,142.2215303662118,10.00042861056561
10:08,142.43787202458705,10.096586836900558
10:09,142.65449365554414,10.192273797927918
10:10,142.8713953364476,10.287487515436721
10:11,143.08857712248997,10.38222601254968
10:12,143.30603904656545,10.476487313835806
10:13,143.523781119145,10.570269445424389
10:14,143.74180332815178,10.663570435120025
10:15,143.96010563883894,10.756388312519423
10:16,144.17868799366806,10.848721109129043
10:17,144.3975503121887,10.940566858484159
10:18,144.61669249092023,11.031923596269449
10:19,144.83611440323378,11.122789360440331
10:20,145.05581589923722,11.213162191346083
10:21,145.27579680566072,11.303040131853972
10:22,145.49605692574414,11.392421227474587
10:23,145.71659603912633,11.48130352648849
10:24,145.93741390173588,11.569685080074045
10:25,146.158510245684,11.657563942436479
10:26,146.37988477915906,11.744938170938164
10:27,146.60153718632307,11.831805826230013
10:28,146.82346712721017,11.91816497238407
10:29,147.0456742376273,12.00401367702734
10:30,147.2681581290568,12.089350011476641
10:31,147.49091838856134,12.174172050874743
10:32,147.7139545786909,12.258477874327454
10:33,147.93726623739252,12.34226556504203
10:34,148.16085287792112,12.425533210466224
10:35,148.38471398875487,12.508278902429131
10:36,148.6088490335108,12.590500737282362
10:37,148.8332574508648,12.672196816042803
10:38,149.05793865447285,12.753365244536042
10:39,149.28289203289552,12.83400413354091
10:40,149.5081169495252,12.914111598935051
10:41,149.73361274251633,12.993685761841553
10:42,149.95937872471777,13.072724748776256
10:43,150.1854141836087,13.151226691796175
10:44,150.41171838123725,13.229189728648809
10:45,150.63829055416227,13.306612002922362
10:46,150.86512991339794,13.38349166419671
10:47,151.09223564436186,13.459826868195316
10:48,151.31960690682638,13.535615776938048
10:49,151.54724283487232,13.610856558894426
10:50,151.77514253684743,13.685547389138124
10:51,152.00330509532688,13.759686449501864
10:52,152.23172956707873,13.83327192873333
10:53,152.46041498303077,13.906302022651372
10:54,152.68936034824296,13.97877493430329
10:55,152.91856464188243,14.050688874122535
10:56,153.14802681720238,14.122042060087175
10:57,153.37774580152447,14.19283271787869
10:58,153.60772049622557,14.263059081041746
10:59,153.83794977672747,14.33271939114401
11:00,154.06843249249167,14.401811897937018
11:01,154.2991674670167,14.470334859517001
11:02,154.5301534978405,14.538286542486462
11:03,154.76138935654672,14.605665222116235
11:04,154.9928737887741,14.67246918250756
11:05,155.22460551423154,14.738696716754971
11:06,155.45658322671613,14.80434612710912
11:07,155.68880559413617,14.869415725140259
11:08,155.92127125853756,14.933903831901548
11:09,156.15397883613596,14.997808778093068
11:10,156.38692691735164,15.061128904225592
11:11,156.62011406685002,15.123862560784818
11:12,156.85353882358623,15.186008108395646
11:13,157.0871997008538,15.247563917986412
11:14,157.32109518633843,15.308528370953349
11:15,157.55522374217628,15.368899859325046
11:16,157.7895838050163,15.428676785926767
11:17,158.02417378608794,15.487857564544852
11:18,158.2589920712732,15.546440620091026
11:19,158.49403702118303,15.604424388766379
11:20,158.72930697123917,15.661807318225485
11:21,158.96480023176017,15.718587867740101
11:22,159.200515088053,15.774764508362816
11:23,159.43644980050811,15.830335723090116
11:24,159.67260260470061,15.885300007025446
11:25,159.908971711496,15.93965586754183
11:26,160.14555530716058,15.993401824444012
11:27,160.38235155347652,16.0465364101302
11:28,160.6193585878626,16.099058169753388
11:29,160.85657452349932,16.150965661382145
11:30,161.09399744945918,16.202257456160794
11:31,161.3316254308422,16.252932138469184
11:32,161.5694565089155,16.302988306081488
11:33,161.80748870125927,16.352424570324768
11:34,162.0457200019163,16.40123955623637
11:35,162.28414838154762,16.449431902720942
11:36,162.52277178759277,16.49700026270646
11:37,162.761588144435,16.54394330329953
11:38,163.0005953535713,16.590259705939573
11:39,163.2397912937882,16.63594816655251
11:40,163.4791738213415,16.681007395703034
11:41,163.71874077014212,16.725436118746195
11:42,163.95848995194618,16.7692330759779
11:43,164.19841915655016,16.812397022784154
11:44,164.43852615199137,16.854926729789337
11:45,164.67880868475322,16.89682098300336
11:46,164.91926447997523,16.93807858396742
11:47,165.15989124166822,16.97869834989871
11:48,165.4006866529346,17.018679113833745
11:49,165.64164837619262,17.05801972477028
11:50,165.88277405340676,17.096719047808083
11:51,166.12406130632192,17.13477596428807
11:52,166.36550773670325,17.172189371930177
11:53,166.6071109265799,17.20895818496955
11:54,166.8488684384939,17.24508133429139
11:55,167.09077781575422,17.28055776756414
11:56,167.3328365826948,17.31538644937106
11:57,167.57504224493718,17.349566361340166
11:58,167.81739228965847,17.383096502272494
11:59,168.05988418586304,17.41597588826865
12:00,168.30251538465916,17.44820355285357
12:01,168.5452833195403,17.479778547099542
12:02,168.78818540666978,17.510699939747223
12:03,169.0312190451714,17.54096681732506
12:04,169.2743816174226,17.570578284266507
12:05,169.51767048935315,17.599533463025526
12:06,169.76108301074768,17.62783149418995
12:07,170.00461651555216,17.65547153659297
12:08,170.24826832218412,17.682452767422365
12:09,170.49203573384793,17.708774382327917
12:10,170.73591603885254,17.734435595526435
12:11,170.97990651093454,17.759435639904826
12:12,171.22400440958398,17.78377376712091
12:13,171.4682069803743,17.807449247701953
12:14,171.71251145529564,17.83046137114106
12:15,171.9569150530925,17.85280944599123
12:16,172.20141497960364,17.874492799957128
12:17,172.44600842810647,17.89551077998444
12:18,172.6906925796645,17.915862752347017
12:19,172.93546460347687,17.9355481027314
12:20,173.18032165723363,17.954566236319188
12:21,173.42526088747118,17.972916577866695
12:22,173.67027942993292,17.99059857178233
12:23,173.91537440993133,18.00761168220135
12:24,174.1605429427137,18.023955393058134
12:25,174.40578213383023,18.03962920815593
12:26,174.65108907950523,18.054632651234
12:27,174.89646086700975,18.068965266032137
12:28,175.14189457503784,18.08262661635263
12:29,175.38738727408455,18.095616286119572
12:30,175.63293602682612,18.107933879435475
12:31,175.8785378885029,18.119579020635257
12:32,176.12418990730316,18.13055135433752
12:33,176.36988912475027,18.140850545493088
12:34,176.61563257609006,18.15047627943085
12:35,176.86141729068177,18.159428261900867
12:36,177.107240292389,18.167706219114706
12:37,177.35309859997332,18.17530989778299
12:38,177.59898922748812,18.182239065150192
12:39,177.84490918467523,18.188493509026628
12:40,178.09085547736126,18.19407303781763
12:41,178.3368251078561,18.198977480549903
12:42,178.58281507535196,18.20320668689511
12:43,178.8288223763232,18.206760527190536
12:44,179.0748440049268,18.209638892456972
12:45,179.32087695340448,18.211841694413785
12:46,179.56691821248356,18.21336886549102
12:47,179.8129647717798,18.21422035883879
12:48,180.05901362020043,18.214396148333698
12:49,180.30506174634561,18.213896228582463
12:50,180.5511061389127,18.212720614922674
12:51,180.79714378709832,18.21086934342063
12:52,181.04317168100147,18.208342470866395
12:53,181.28918681202563,18.20514007476598
12:54,181.53518617328106,18.201262253330615
12:55,181.7811667599864,18.19670912546323
12:56,182.0271255698698,18.191480830742012
12:57,182.27305960356907,18.185577529401264
12:58,182.5189658650314,18.178999402309238
12:59,182.76484136191172,18.171746650943295
13:00,183.01068310597066,18.163819497362155
13:01,183.2564881134708,18.155218184175396
13:02,183.5022534055718,18.145942974510092
13:03,183.7479760087247,18.135994151974725
13:04,183.9936529550635,18.125372020620247
13:05,184.23928128279692,18.114076904898482
13:06,184.48485803659696,18.10210914961765
13:07,184.73038026798667,18.08946911989526
13:08,184.9758450357254,18.07615720110823
13:09,185.22124940619238,18.06217379884034
13:10,185.4665904537683,18.047519338826962
13:11,185.71186526121465,18.032194266897125
13:12,185.9570709200504,18.016199048912984
13:13,186.20220453092693,17.99953417070661
13:14,186.4472632039999,17.982200138014193
13:15,186.69224405929904,17.96419747640763
13:16,186.937144227095,17.94552673122363
13:17,187.18196084826326,17.92618846749017
13:18,187.42669107464602,17.906183269850537
13:19,187.67133206940957,17.885511742484823
13:20,187.91588100740051,17.864174509028956
13:21,188.16033507549753,17.842172212491334
13:22,188.4046914729606,17.819505515166995
13:23,188.6489474117764,17.796175098549448
13:24,188.89310011700096,17.772181663240122
13:25,189.13714682709835,17.747525928855513
13:26,189.38108479427638,17.72220863393199
13:27,189.62491128481793,17.696230535828402
13:28,189.86862357940947,17.669592410626404
13:29,190.11221897346502,17.642295053028608
13:30,190.35569477744707,17.614339276254505
13:31,190.59904831718302,17.58572591193435
13:32,190.8422769341778,17.55645581000085
13:33,191.08537798592295,17.5265298385788
13:34,191.32834884620036,17.49594888387281
13:35,191.57118690538363,17.464713850052785
13:36,191.81388957073375,17.432825659137666
13:37,192.0564542666914,17.400285250877108
13:38,192.29887843516414,17.367093582631387
13:39,192.54115953581018,17.333251629249272
13:40,192.78329504631682,17.29876038294428
13:41,193.0252824626753,17.263620853168973
13:42,193.26711929945014,17.227834066487652
13:43,193.5088030900448,17.19140106644725
13:44,193.75033138696222,17.154322913446602
13:45,193.9917017620609,17.11660068460408
13:46,194.23291180680633,17.07823547362363
13:47,194.47395913251745,17.039228390659286
13:48,194.714841370609,16.9995805621781
13:49,194.95555617282773,16.95929313082177
13:50,195.1961012114856,16.918367255266592
13:51,195.43647417968666,16.87680411008226
13:52,195.67667279154995,16.834604885589137
13:53,195.91669478242684,16.791770787714373
13:54,196.15653790911404,16.748303037846608
13:55,196.39619995006112,16.704202872689574
13:56,196.63567870557384,16.659471544114417
13:57,196.87497199801155,16.61411031901092
13:58,197.11407767198045,16.56812047913762
13:59,197.35299359452117,16.521503320970904
14:00,197.5917176552921,16.474260155552955
14:01,197.83024776674694,16.426392308338873
14:02,198.0685818643078,16.377901119042708
14:03,198.30671790653315,16.328787941482744
14:04,198.54465387528026,16.27905414342589
14:05,198.7823877758635,16.22870110643108
14:06,199.019917637207,16.17773022569219
14:07,199.2572415119925,16.12614290987993
14:08,199.49435747680215,16.07394058098331
14:09,199.73126363225623,16.02112467415027
14:10,199.96795810314615,15.967696637527728
14:11,200.20443903856236,15.913657932101119
14:12,200.44070461201704,15.859010031533343
14:13,200.67675302156238,15.803754422003278
14:14,200.91258248990317,15.747892602043768
14:15,201.14819126450556,15.691426082379225
14:16,201.38357761769979,15.634356385762892
14:17,201.61873984677888,15.576685046813777
14:18,201.85367627409232,15.518413611853095
14:19,202.08838524713417,15.459543638740913
14:20,202.32286513862786,15.400076696711974
14:21,202.55711434660492,15.340014366211815
14:22,202.79113129447973,15.279358238732483
14:23,203.02491443111896,15.218109916648297
14:24,203.2584622309071,15.156271013051427
14:25,203.4917731938067,15.093843151587505
14:26,203.7248458454146,15.030827966291119
14:27,203.9576787370129,14.967227101421598
14:28,204.19027044561625,14.903042211298564
14:29,204.42261957401382,14.838274960137849
14:30,204.65472475080762,14.772927021887327
14:31,204.8865846304459,14.707000080063132
14:32,205.11819789325233,14.640495827585935
14:33,205.34956324545126,14.573415966617496
14:34,205.58067941918767,14.505762208397629
14:35,205.81154517254436,14.437536273081223
14:36,206.04215928955384,14.368739889575822
14:37,206.27252058020676,14.29937479537941
14:38,206.50262788045572,14.229442736418797
14:39,206.73248005221564,14.158945466888214
14:40,206.9620759833596,14.087884749088591
14:41,207.1914145877115,14.016262353267042
14:42,207.42049480503402,13.944080057457235
14:43,207.64931560101343,13.871339647319976
14:44,207.87787596724004,13.798042915984638
14:45,208.10617492118587,13.724191663890943
14:46,208.33421150617775,13.649787698631597
14:47,208.56198479136722,13.574832834795465
14:48,208.78949387169715,13.499328893811395
14:49,209.01673786786412,13.423277703792998
14:50,209.24371592627847,13.346681099383774
14:51,209.47042721902002,13.269540921603335
14:52,209.69687094379128,13.191859017694188
14:53,209.92304632386663,13.11363724096953
14:54,210.14895260803888,13.034877450661662
14:55,210.37458907056268,12.955581511771465
14:56,210.59995501109466,12.875751294918492
14:57,210.8250497546307,12.79538867619227
14:58,211.04987265144015,12.714495537004211
14:59,211.27442307699727,12.63307376394076
15:00,211.49870043190992,12.55112524861719
15:01,211.72270414184544,12.468651887532603
15:02,211.94643365745355,12.385655581925873
15:03,212.1698884542874,12.302138237632446
15:04,212.39306803272063,12.218101764942576
15:05,212.6159719178638,12.13354807846003
15:06,212.83859965947667,12.04847909696236
15:07,213.06095083187932,11.96289674326194
15:08,213.28302503386,11.876802944068336
15:09,213.5048218885813,11.790199629851594
15:10,213.72634104348396,11.703088734706766
15:11,213.94758217018864,11.615472196219473
15:12,214.1685449643953,11.52735195533279
15:13,214.38922914578092,11.43872995621511
15:14,214.6096344578948,11.349608146129373
15:15,214.8297606680527,11.259988475303276
15:16,215.0496075672283,11.169872896800864
15:17,215.2691749699435,11.079263366395285
15:18,215.4884627141567,10.988161842442622
15:19,215.70747066114922,10.896570285757386
15:20,215.92619869541076,10.80449065948863
15:21,216.14464672452266,10.711924928997883
15:22,216.36281467904018,10.618875061737938
15:23,216.5807025123727,10.525343027133276
15:24,216.79831020066334,10.431330796461442
15:25,217.0156377426665,10.33684034273592
15:26,217.23268515962502,10.24187364059016
15:27,217.449452495145,10.146432666163076
15:28,217.6659398150705,10.050519396985663
15:29,217.88214720735655,9.954135811869119
15:30,218.09807478194142,9.857283890794061
15:31,218.3137226706177,9.75996561480127
15:32,218.52909102690253,9.66218296588368
15:33,218.74418002590724,9.563937926879568
15:34,218.9589898642051,9.46523248136754
15:35,219.17352075969998,9.36606861356216
15:36,219.38777295149282,9.266448308211507
15:37,219.60174669974825,9.16637355049576
15:38,219.8154422855601,9.065846325927335
15:39,220.0288600108167,8.964868620252211
15:40,220.24200019806534,8.863442419352673
15:41,220.45486319037678,8.761569709151376
15:42,220.66744935120866,8.659252475516846
15:43,220.87975906426894,8.556492704170237
15:44,221.09179273337878,8.453292380593552
15:45,221.3035507823356,8.349653489939039
15:46,221.5150336547753,8.245578016940128
15:47,221.72624181403455,8.141067945823675
15:48,221.9371757430133,8.036125260223352
15:49,222.147835944036,7.930751943094942
15:50,222.35822293871445,7.824949976632208
15:51,222.56833726780923,7.718721342184743
15:52,222.77817949109192,7.612068020176816
15:53,222.9877501872068,7.504991990027812
15:54,223.19704995353334,7.397495230073807
15:55,223.40607940604798,7.289579717490584
15:56,223.61483917918724,7.181247428217877
15:57,223.82332992570977,7.072500336885182
15:58,224.0315523165595,6.963340416738616
15:59,224.23950704072877,6.853769639569366
16:00,224.44719480512202,6.743789975643151
16:01,224.65461633441956,6.633403393631314
16:02,224.86177237094182,6.522611860543048
16:03,225.06866367451437,6.411417341658859
16:04,225.2752910223325,6.299821800465754
16:05,225.48165520882765,6.187827198593074
16:06,225.68775704553315,6.075435495750149
16:07,225.89359736095136,5.962648649664937
16:08,226.0991770004208,5.849468616024241
16:09,226.30449682598436,5.735897348414884
16:10,226.50955771625775,5.621936798266381
16:11,226.71436056629938,5.507588914794655
16:12,226.91890628747987,5.392855644947362
16:13,227.1231958073534,5.2777389333500615
16:14,227.32723006952895,5.162240722254026
16:15,227.531010033543,5.046362951484885
16:16,227.73453667473262,4.930107558392848
16:17,227.93781098410972,4.81347647780403
16:18,228.14083396823605,4.696471641972788
16:19,228.34360664909877,4.579094980535867
16:20,228.54613006398773,4.461348420466929
16:21,228.748405265373,4.343233886032967
16:22,228.9504333207838,4.224753298751495
16:23,229.15221531268793,4.105908577349231
16:24,229.35375233837294,3.9867016377216924
16:25,229.55504550982766,3.8671343928941444
16:26,229.75609595362536,3.747208752983507
16:27,229.95690481080743,3.6269266251617247
16:28,230.1574732367687,3.506289913619969
16:29,230.3578024011434,3.385300519534255
16:30,230.55789348769272,3.2639603410318774
16:31,230.7577476941933,3.142271273159256
16:32,230.95736623232673,3.0202352078507837
16:33,231.15675032757082,2.8978540338986427
16:34,231.355901219091,2.77512963692419
16:35,231.55482015963446,2.652063899349735
16:36,231.75350841542408,2.5286587003719943
16:37,231.95196726605482,2.404915915936246
16:38,232.1501980043903,2.280837418711892
16:39,232.34820193646158,2.1564250780687475
16:40,232.54598038136658,2.0316807600546385
16:41,232.74353467117155,1.9066063273737488
16:42,232.94086615081295,1.7812036393663935
16:43,233.13797617800148,1.655474551989494
16:44,233.33486612312691,1.529420917798307
16:45,233.53153736916482,1.4030445859288538
16:46,233.7279913115842,1.2763474020817125
16:47,233.9242293582567,1.1493312085066023
16:48,234.12025292936752,1.021997843987853
16:49,234.31606345732692,0.8943491438313648
16:50,234.51166238668424,0.766386939851748
16:51,234.70705117404242,0.6381130603610908
16:52,234.90223128797481,0.5095293301583045
16:53,235.0972042089424,0.3806375705197014
16:54,235.29197142921353,0.2514395991902677
16:55,235.4865344527845,0.12193723037595912
16:56,235.6808947953018,-0.007867725263035901
16:57,235.87505398398588,-0.1379734606181889
16:58,236.0690135575564,-0.26837817213761717
16:59,236.26277506615864,-0.3990800598299034
17:00,236.45634007129237,-0.5300773272676225
17:01,236.64971014574104,-0.6613681815893476
17:02,236.8428868735035,-0.7929508335011828
17:03,237.03587184972622,-0.924823497277027
17:04,237.2286666806384,-1.0569843907585963
17:05,237.42127298348748,-1.1894317353539958
17:06,237.6136923864765,-1.3221637560357025
17:07,237.80592652870334,-1.4551786813376972
17:08,237.99797706010125,-1.5884747433517181
17:09,238.1898456413809,-1.7220501777227133
17:10,238.3815339439742,-1.8559032236434725
17:11,238.5730436499795,-1.9900321238484246
17:12,238.76437645210854,-2.124435124606615
17:13,238.95553405363486,-2.2591104757139755
17:14,239.14651816834402,-2.394056430484705
17:15,239.3373305204846,-2.5292712457416955
17:16,239.52797284472248,-2.6647531818067334
17:17,239.71844688609482,-2.80050050248935
17:18,239.9087543999667,-2.9365114750749646
17:19,240.09889715198938,-3.0727843703127578
17:20,240.28887691805983,-3.2093174624022005
17:21,240.4786954842819,-3.3461090289791637
17:22,240.66835464692923,-3.4831573511011427
17:23,240.85785621240993,-3.6204607132319007
17:24,241.0472019972324,-3.7580174032251414
17:25,241.2363938279733,-3.8958257123077105
17:26,241.4254335412468,-4.033883935061878
17:27,241.6143229836756,-4.172190369407028
17:28,241.80306401186357,-4.310743316580555
17:29,241.99165849237005,-4.449541081118178
17:30,242.18010830168532,-4.588581970833212
17:31,242.36841532620886,-4.727864296795758
17:32,242.55658146222794,-4.86738637331068
17:33,242.74460861589844,-5.007146517894866
17:34,242.93249870322757,-5.147143051254364
17:35,243.12025365005772,-5.287374297260244
17:36,243.30787539205224,-5.427838582924072
17:37,243.49536587468273,-5.568534238372685
17:38,243.68272705321817,-5.709459596822286
17:39,243.86996089271545,-5.850612994551868
17:40,244.05706936801172,-5.991992770876017
17:41,244.24405446371836,-6.133597268117014
17:42,244.43091817421646,-6.275424831576349
17:43,244.6176625036543,-6.417473809505552
17:44,244.80428946594597,-6.559742553076442
17:45,244.990801084772,-6.702229416350462
17:46,245.17719939358182,-6.844932756248004
17:47,245.3634864355973,-6.98785093251646
17:48,245.54966426381839,-7.130982307697811
17:49,245.7357349410303,-7.274325247095956
17:50,245.92170053981243,-7.417878118742957
17:51,246.10756314254877,-7.561639293364907
17:52,246.29332484143993,-7.705607144347127
17:53,246.47898773851728,-7.849780047698752
17:54,246.6645539456581,-7.994156382016723
17:55,246.85002558460303,-8.138734528449154
17:56,247.03540478697465,-8.28351287065808
17:57,247.22069369429803,-8.428489794781669
17:58,247.40589445802294,-8.573663689395733
17:59,247.59100923954776,-8.719032945474794
18:00,247.77604021024445,-8.864595956352172
18:01,247.96098955148642,-9.010351117680152
18:02,248.14585945467707,-9.156296827388958
18:03,248.3306521212799,-9.302431485645156
18:04,248.51536976285146,-9.44875349481002
18:05,248.70001460107454,-9.595261259396668
18:06,248.8845888677941,-9.74195318602696
18:07,249.06909480505428,-9.88882768338769
18:08,249.25353466513738,-10.035883162186249
18:09,249.43791071060437,-10.183118035105622
18:10,249.62222521433733,-10.33053071675892
18:11,249.8064804595832,-10.478119623643169
18:12,249.9906787399995,-10.625883174092646
18:13,250.17482235970164,-10.773819788231561
18:14,250.35891363331206,-10.921927887926232
18:15,250.54295488601053,-11.070205896736347
18:16,250.72694845358717,-11.218652239866262
18:17,250.91089668249617,-11.367265344115236
18:18,251.09480192991145,-11.516043637826884
18:19,251.2786665637846,-11.664985550838841
18:20,251.4624929629038,-11.814089514431007
18:21,251.64628351695472,-11.96335396127362
18:22,251.8300406265832,-12.112777325374674
18:23,252.0137667034597,-12.26235804202674
18:24,252.19746417034509,-12.412094547753085
18:25,252.38113546115855,-12.561985280253403
18:26,252.56478302104705,-12.712028678348716
18:27,252.74840930645655,-12.862223181925906
18:28,252.93201678520484,-13.012567231881427
18:29,253.11560793655633,-13.163059270064645
18:30,253.299185251298,-13.313697739220144
18:31,253.48275123181816,-13.464481082930122
18:32,253.66630839218578,-13.6154077455556
18:33,253.84985925823207,-13.766476172176988
18:34,254.03340636763414,-13.917684808534608
18:35,254.21695226999978,-14.069032100968027
18:36,254.4004995269542,-14.220516496354952
18:37,254.58405071222882,-14.372136442049612
18:38,254.7676084117512,-14.523890385820337
18:39,254.95117522373755,-14.675776775786664
18:40,255.1347537587862,-14.82779406035568
18:41,255.31834663997316,-14.979940688157763
18:42,255.50195650294967,-15.132215107981752
18:43,255.6855859960412,-15.284615768709385
18:44,255.86923778034824,-15.43714111924914
18:45,256.0529145298489,-15.589789608469168
18:46,256.2366189315037,-15.742559685130194
18:47,256.4203536853613,-15.895449797817118
18:48,256.6041215046668,-16.048458394870014
18:49,256.78792511597135,-16.201583924314985
18:50,256.97176725924385,-16.354824833793696
18:51,257.15565068798435,-16.508179570492636
18:52,257.3395781693389,-16.661646581071476
18:53,257.5235524842169,-16.81522431159082
18:54,257.7075764274097,-16.968911207439273
18:55,257.8916528077111,-17.12270571325978
18:56,258.07578444803994,-17.276606272875174
18:57,258.2599741855641,-17.43061132921315
18:58,258.4442248718267,-17.58471932423038
18:59,258.6285393728739,-17.738928698836094
19:00,258.81292056938446,-17.89323789281443
19:01,258.9973713568014,-18.047645344746865
19:02,259.1818946454655,-18.202149491933167
19:03,259.36649336074987,-18.35674877031169
19:04,259.5511704431977,-18.51144161437944
19:05,259.7359288486606,-18.666226457110668
19:06,259.9207715484396,-18.821101729875174
19:07,260.1057015294275,-18.976065862355544
19:08,260.2907217942535,-19.131117282463734
19:09,260.4758353614291,-19.286254416256835
19:10,260.66104526549657,-19.44147568785192
19:11,260.84635455717876,-19.596779519340288
19:12,261.03176630353096,-19.752164330700605
19:13,261.2172835880944,-19.907628539711407
19:14,261.4029095110523,-20.063170561862783
19:15,261.5886471893866,-20.218788810266776
19:16,261.77449975703786,-20.374481695567763
19:17,261.96047036506616,-20.530247625851153
19:18,262.14656218181403,-20.68608500655138
19:19,262.3327783930716,-20.841992240359502
19:20,262.51912220224307,-20.997967727129225
19:21,262.70559683051573,-21.154009863782452
19:22,262.8922055170301,-21.310117044213765
19:23,263.07895151905257,-21.46628765919391
19:24,263.26583811214954,-21.622520096272506
19:25,263.45286859036366,-21.778812739679623
19:26,263.6400462663916,-21.935163970226597
19:27,263.8273744717643,-22.09157216520564
19:28,264.01485655702834,-22.248035698288632
19:29,264.20249589192986,-22.40455293942494
19:30,264.39029586559957,-22.561122254737874
19:31,264.5782598867406,-22.71774200642079
19:32,264.7663913838177,-22.87441055263162
19:33,264.95469380524736,-23.031126247386258
19:34,265.14317061959207,-23.187887440451593
19:35,265.3318253157539,-23.344692477236734
19:36,265.52066140317186,-23.501539698683526
19:37,265.7096824120196,-23.658427441155887
19:38,265.8988918934064,-23.815354036328102
19:39,266.08829341957863,-23.972317811071886
19:40,266.27789058412367,-24.129317087342404
19:41,266.46768700217586,-24.286350182063124
19:42,266.65768631062394,-24.443415407009574
19:43,266.8478921683198,-24.600511068691723
19:44,267.03830825629024,-24.75763546823555
19:45,267.22893827794906,-24.914786901262822
19:46,267.41978595931204,-25.071963657770457
19:47,267.6108550492131,-25.229164022008035
19:48,267.8021493195222,-25.386386272354084
19:49,267.99367256536505,-25.543628681191652
19:50,268.1854286053449,-25.700889514782055
19:51,268.37742128176495,-25.858167033137512
19:52,268.56965446085366,-26.01545948989258
19:53,268.76213203299085,-26.17276513217421
19:54,268.9548579129359,-26.330082200470446
19:55,269.14783604005714,-26.4874089284978
19:56,269.34107037856336,-26.644743543067307
19:57,269.5345649177361,-26.802084263949133
19:58,269.7283236721645,-26.959429303735902
19:59,269.9223506819809,-27.116776867704555
20:00,270.1166500130977,-27.274125153676522
20:01,270.31122575744666,-27.43147235187716
20:02,270.50608203321906,-27.58881664479307
20:03,270.7012229851067,-27.746156207027976
20:04,270.89665278454555,-27.90348920515771
20:05,271.0923756299594,-28.06081379758305
20:06,271.28839574700567,-28.21812813438132
20:07,271.48471738882233,-28.375430357156464
20:08,271.6813448362755,-28.53271859888752
20:09,271.8782823982091,-28.689990983775473
20:10,272.0755344116948,-28.847245627088704
20:11,272.2731052422835,-29.00448063500659
20:12,272.47099928425814,-29.16169410446169
20:13,272.6692209608863,-29.31888412298016
20:14,272.8677747246756,-29.476048768520698
20:15,273.0666650576279,-29.633186109311374
20:16,273.26589647149615,-29.790294203685498
20:17,273.46547350804104,-29.947371099915152
20:18,273.66540073928815,-30.10441483604308
20:19,273.8656827677868,-30.261423439713344
20:20,274.06632422686835,-30.418394927999525
20:21,274.26732978090564,-30.57532730723166
20:22,274.4687041255729,-30.732218572821143
20:23,274.67045198810547,-30.889066709083913
20:24,274.8725781275606,-31.045869689061732
20:25,275.0750873350776,-31.202625474341733
20:26,275.2779844341393,-31.35933201487405
20:27,275.48127428083194,-31.51598724878751
20:28,275.68496176410645,-31.67258910220355
20:29,275.8890518060391,-31.829135489048177
20:30,276.0935493620912,-31.985624310861812
20:31,276.29845942136996,-32.14205345660767
20:32,276.5037870068875,-32.29842080247768
20:33,276.7095371758197,-32.454724211696515
20:34,276.91571501976534,-32.610961534324026
20:35,277.1223256650028,-32.767130607055186
20:36,277.32937427274703,-32.92322925301817
20:37,277.5368660394055,-33.07925528157059
20:38,277.7448061968321,-33.23520648809336
20:39,277.95320001258085,-33.39108065378269
20:40,278.16205279015725,-33.546875545439946
20:41,278.3713698692687,-33.70258891525938
20:42,278.581156626073,-33.85821850061393
20:43,278.7914184734247,-34.013762023838446
20:44,279.00216086112005,-34.169217192011395
20:45,279.2133892761387,-34.324581696733745
20:46,279.42510924288445,-34.479853213906296
20:47,279.6373263234225,-34.6350294035046
20:48,279.8500461177133,-34.79010790935121
20:49,280.0632742638458,-34.945086358886755
20:50,280.27701643826504,-35.09996236293784
20:51,280.49127835599785,-35.2547335154832
20:52,280.70606577087483,-35.40939739341756
20:53,280.9213844757483,-35.56395155631317
20:54,281.1372403027066,-35.7183935461792
20:55,281.35363912328376,-35.8727208872188
20:56,281.5705868486656,-36.02693108558393
20:57,281.7880894298901,-36.18102162912793
20:58,282.00615285804355,-36.334989987155815
20:59,282.22478316445154,-36.48883361017236
21:00,282.4439864208639,-36.64254992962751
21:01,282.6637687396348,-36.79613635766037
21:02,282.8841362738962,-36.949590286840056
21:03,283.10509521772485,-37.10290908990448
21:04,283.3266518063036,-37.2560901194973
21:05,283.5488123160749,-37.409130707902044
21:06,283.77158306488735,-37.56202816677424
21:07,283.99497041213505,-37.71477978687117
21:08,284.2189807588883,-37.86738283777947
21:09,284.4436205480167,-38.019834567640316
21:10,284.66889626430356,-38.172132202872604
21:11,284.8948144345509,-38.32427294789357
21:12,285.1213816276755,-38.47625398483751
21:13,285.34860445479495,-38.62807247327204
21:14,285.57648956930404,-38.77972554991243
21:15,285.8050436669393,-38.931210328333194
21:16,286.0342734858344,-39.08252389867845
21:17,286.26418580656247,-39.23366332736935
21:18,286.4947874521671,-39.38462565680946
21:19,286.72608528818154,-39.53540790508867
21:20,286.958086222634,-39.686007065684315
21:21,287.1907972060403,-39.83642010716064
21:22,287.42422523138276,-39.98664397286625
21:23,287.65837733407426,-40.13667558062947
21:24,287.8932605919075,-40.28651182245186
21:25,288.1288821249894,-40.43614956419977
21:26,288.3652490956588,-40.58558564529416
21:27,288.6023687083879,-40.73481687839857
21:28,288.8402482096667,-40.88384004910514
21:29,289.07889488786947,-41.032651915619354
21:30,289.3183160731023,-41.181249208442516
21:31,289.5585191370333,-41.32962863005334
21:32,289.7995114927013,-41.47778685458763
21:33,290.0413005943048,-41.62572052751598
21:34,290.283893936971,-41.77342626532138
21:35,290.5272990565013,-41.92090065517415
21:36,290.7715235290957,-42.068140254606384
21:37,291.0165749710536,-42.215141591184945
21:38,291.26246103845074,-42.36190116218351
21:39,291.50918942679124,-42.50841543425335
21:40,291.75676787063463,-42.65468084309355
21:41,292.00520414319635,-42.80069379312008
21:42,292.2545060559212,-42.94645065713437
21:43,292.5046814580288,-43.09194777599111
21:44,292.7557382360307,-43.23718145826573
21:45,293.00768431321694,-43.38214797992113
21:46,293.2605276491134,-43.52684358397464
21:47,293.5142762389067,-43.671264480164645
21:48,293.7689381128366,-43.81540684461662
21:49,294.02452133555664,-43.95926681951048
21:50,294.2810340054582,-44.10284051274705
21:51,294.5384842539613,-44.24612399761554
21:52,294.79688024476843,-44.38911331246153
21:53,295.0562301730805,-44.531804460355595
21:54,295.3165422647756,-44.67419340876276
21:55,295.57782477554775,-44.8162760892133
21:56,295.8400859900053,-44.95804839697441
21:57,296.1033342207281,-45.09950619072375
21:58,296.36757780728146,-45.24064529222428
21:59,296.63282511518753,-45.38146148600111
22:00,296.8990845348501,-45.52195051902025
22:01,297.1663644804352,-45.66210810036987
22:02,297.43467338870346,-45.801929900944046
22:03,297.70401971779364,-45.94141155312867
22:04,297.97441194595837,-46.0805486504913
22:05,298.24585857024704,-46.21933674747342
22:06,298.5183681051381,-46.35777135908656
22:07,298.79194908111737,-46.49584796061208
22:08,299.06661004320216,-46.63356198730502
22:09,299.3423595494096,-46.770908834102215
22:10,299.6192061691677,-46.90788385533513
22:11,299.8971584816681,-47.04448236444739
22:12,300.1762250741597,-47.180699633717886
22:13,300.4564145401805,-47.316530893989174
22:14,300.73773547772794,-47.45197133440186
22:15,301.02019648736496,-47.58701610213508
22:16,301.3038061702621,-47.72166030215393
22:17,301.58857312617283,-47.85589899696377
22:18,301.8745059513405,-47.98972720637121
22:19,302.1616132363388,-48.123139907254
22:20,302.4499035638393,-48.256132033338105
22:21,302.7393855063099,-48.388698474983705
22:22,303.03006762363793,-48.52083407898002
22:23,303.3219584606822,-48.65253364834984
22:24,303.61506654474687,-48.78379194216343
22:25,303.9094003829802,-48.9146036753631
22:26,304.2049684596948,-49.04496351859837
22:27,304.501779233609,-49.17486609807249
22:28,304.7998411350073,-49.30430599540054
22:29,305.0991625628197,-49.433277747480055
22:30,305.3997518816172,-49.5617758463738
22:31,305.7016174185251,-49.68979473920674
22:32,306.0047674600491,-49.81732882807619
22:33,306.3092102488163,-49.944372469976074
22:34,306.61495398022896,-50.070919976737144
22:35,306.9220067990291,-50.19696561498163
22:36,307.23037679577476,-50.322503606094664
22:37,307.54007200322513,-50.447528126212
22:38,307.85110039263543,-50.57203330622532
22:39,308.1634698699587,-50.696013231805225
22:40,308.4771882719559,-50.81946194344295
22:41,308.7922633622122,-50.94237343651112
22:42,309.1087028270588,-51.06474166134448
22:43,309.4265142714005,-51.18656052334094
22:44,309.7457052144482,-51.307823883084055
22:45,310.0662830853554,-51.42852555648698
22:46,310.3882552187591,-51.54865931495945
22:47,310.7116288502252,-51.668218885597675
22:48,311.0364111115955,-51.787197951398
22:49,311.3626090262413,-51.90559015149583
22:50,311.6902295042185,-52.02338908142939
22:51,312.01927933732816,-52.140588293429914
22:52,312.34976519407957,-52.25718129673837
22:53,312.6816936145601,-52.3731615579503
22:54,313.0150710052086,-52.48852250138834
22:55,313.3499036334951,-52.6032575095044
22:56,313.6861976225081,-52.71735992331137
22:57,314.02395894544816,-52.83082304284552
22:58,314.3631934200316,-52.94364012766017
22:59,314.70390670280335,-53.05580439735165
23:00,315.0461042833616,-53.16730903211781
23:01,315.38979147849636,-53.278147173350646
23:02,315.73497342624194,-53.388311924262744
23:03,316.08165507984666,-53.49779635054916
23:04,316.4298412016625,-53.60659348108523
23:05,316.779536356955,-53.71469630866067
23:06,317.13074490763825,-53.822097790751386
23:07,317.48347100593577,-53.92879085032896
23:08,317.83771858797223,-54.03476837670921
23:09,318.19349136729727,-54.14002322644
23:10,318.5507928283463,-54.24454822422926
23:11,318.90962621984113,-54.348336163913835
23:12,319.2699945481352,-54.45137980946978
23:13,319.63190057050565,-54.553671896064685
23:14,319.99534678839916,-54.65520513115281
23:15,320.3603354406341,-54.7559721956133
23:16,320.72686849656526,-54.855965744932625
23:17,321.0949476492154,-54.95517841043107
23:18,321.46457430837825,-55.053602800534094
23:19,321.8357495937021,-55.151231502089566
23:20,322.2084743277545,-55.24805708173016
23:21,322.5827490290798,-55.34407208728258
23:22,322.9585739052508,-55.4392690492229
23:23,323.3359488459254,-55.53364048217927
23:24,323.7148734159136,-55.627178886481694
23:25,324.0953468482604,-55.719876749759216
23:26,324.47736803735563,-55.81172654858504
23:27,324.86093553207485,-55.90272075016938
23:28,325.2460475289622,-55.99285181410026
23:29,325.6327018654618,-56.08211219413253
23:30,326.02089601320586,-56.17049434002458
23:31,326.41062707137087,-56.25799069942348
23:32,326.8018917601079,-56.34459371979775
23:33,327.19468641405666,-56.43029585041755
23:34,327.5890069759556,-56.51508954438302
23:35,327.98484899035407,-56.59896726069907
23:36,328.3822075974384,-56.68192146639735
23:37,328.7810775269817,-56.76394463870433
23:38,329.1814530924277,-56.845029267255484
23:39,329.5833281851187,-56.925167856354264
23:40,329.9866962686785,-57.0043529272761
23:41,330.39155037356073,-57.08257702061587
23:42,330.79788309177434,-57.15983269867848
23:43,331.2056865717958,-57.23611254791167
23:44,331.61495251368063,-57.311409181379624
23:45,332.02567216438365,-57.385715241276884
23:46,332.4378363133013,-57.45902340148107
23:47,332.85143528804554,-57.531326370143205
23:48,333.2664589504599,-57.6026168923142
23:49,333.68289669289277,-57.67288775260669
23:50,334.100737434734,-57.742131777889796
23:51,334.5199696192295,-57.81034184001588
23:52,334.9405812105837,-57.87751085857753
23:53,335.3625596913601,-57.94363180369271
23:54,335.78589206019285,-58.00869769881657
23:55,336.2105648298174,-58.072701623577764
23:56,336.63656402543165,-58.13563671663728
23:57,337.0638751833992,-58.19749617856778
23:58,337.49248335030205,-58.25827327475105
23:59,337.9223730823543,-58.3179613382915